Time,Open,High,Low,Close,Volume,MA3,MA5,MA8,MA10,Var10
2021.08.05T14:50:00.000,1.15,1.156,1.134,1.136,3646400,1.136000,1.136000,1.136000,1.136000,0.000000
2021.08.05T14:51:00.000,1.15,1.156,1.134,1.136,3646400,NaN,NaN,NaN,NaN,NaN
2021.08.05T15:00:00.000,1.15,1.156,1.134,1.136,3646400,NaN,NaN,NaN,NaN,NaN
2021.08.06T14:50:00.000,1.136,1.149,1.135,1.139,2194000,1.137500,1.137500,1.137500,1.137500,0.000002
2021.08.06T14:51:00.000,1.136,1.149,1.135,1.139,2194000,NaN,NaN,NaN,NaN,NaN
2021.08.06T15:00:00.000,1.136,1.149,1.135,1.139,2194000,NaN,NaN,NaN,NaN,NaN
2021.08.09T14:50:00.000,1.147,1.17,1.143,1.161,3611500,1.145333,1.145333,1.145333,1.145333,0.000124
2021.08.09T14:51:00.000,1.147,1.17,1.143,1.161,3611500,NaN,NaN,NaN,NaN,NaN
2021.08.09T15:00:00.000,1.147,1.17,1.143,1.161,3611500,NaN,NaN,NaN,NaN,NaN
2021.08.10T14:50:00.000,1.161,1.185,1.152,1.184,6335600,1.161333,1.155000,1.155000,1.155000,0.000373
2021.08.10T14:51:00.000,1.161,1.185,1.152,1.184,6335600,NaN,NaN,NaN,NaN,NaN
2021.08.10T15:00:00.000,1.161,1.185,1.152,1.184,6335600,NaN,NaN,NaN,NaN,NaN
2021.08.11T14:50:00.000,1.184,1.191,1.17,1.174,2176000,1.173000,1.158800,1.158800,1.158800,0.000357
2021.08.11T14:51:00.000,1.184,1.191,1.17,1.174,2176000,NaN,NaN,NaN,NaN,NaN
2021.08.11T15:00:00.000,1.184,1.191,1.17,1.174,2176000,NaN,NaN,NaN,NaN,NaN
2021.08.12T14:50:00.000,1.174,1.181,1.168,1.173,1744900,1.177000,1.166200,1.161167,1.161167,0.000325
2021.08.12T14:51:00.000,1.174,1.181,1.168,1.173,1744900,NaN,NaN,NaN,NaN,NaN
2021.08.12T15:00:00.000,1.174,1.181,1.168,1.173,1744900,NaN,NaN,NaN,NaN,NaN
2021.08.13T14:50:00.000,1.173,1.179,1.163,1.171,2069700,1.172667,1.172600,1.162571,1.162571,0.000291
2021.08.13T14:51:00.000,1.173,1.179,1.163,1.171,2069700,NaN,NaN,NaN,NaN,NaN
2021.08.13T15:00:00.000,1.173,1.179,1.163,1.171,2069700,NaN,NaN,NaN,NaN,NaN
2021.08.16T14:50:00.000,1.171,1.196,1.171,1.182,3236800,1.175333,1.176800,1.165000,1.165000,0.000295
2021.08.16T14:51:00.000,1.171,1.196,1.171,1.182,3236800,NaN,NaN,NaN,NaN,NaN
2021.08.16T15:00:00.000,1.171,1.196,1.171,1.182,3236800,NaN,NaN,NaN,NaN,NaN
2021.08.17T14:50:00.000,1.18,1.222,1.18,1.185,6239606,1.179333,1.177000,1.171125,1.167222,0.000302
2021.08.17T14:51:00.000,1.18,1.222,1.18,1.185,6239606,NaN,NaN,NaN,NaN,NaN
2021.08.17T15:00:00.000,1.18,1.222,1.18,1.185,6239606,NaN,NaN,NaN,NaN,NaN
2021.08.18T14:50:00.000,1.186,1.26,1.178,1.259,12469006,1.208667,1.194000,1.186125,1.176400,0.001030
2021.08.18T14:51:00.000,1.186,1.26,1.178,1.259,12469006,NaN,NaN,NaN,NaN,NaN
2021.08.18T15:00:00.000,1.186,1.26,1.178,1.259,12469006,NaN,NaN,NaN,NaN,NaN
2021.08.19T14:50:00.000,1.255,1.278,1.221,1.23,10191200,1.224667,1.205400,1.194750,1.185800,0.001066
2021.08.19T14:51:00.000,1.255,1.278,1.221,1.23,10191200,NaN,NaN,NaN,NaN,NaN
2021.08.19T15:00:00.000,1.255,1.278,1.221,1.23,10191200,NaN,NaN,NaN,NaN,NaN
2021.08.20T14:50:00.000,1.231,1.247,1.219,1.244,4542100,1.244333,1.220000,1.202250,1.196300,0.001075
2021.08.20T14:51:00.000,1.231,1.247,1.219,1.244,4542100,NaN,NaN,NaN,NaN,NaN
2021.08.20T15:00:00.000,1.231,1.247,1.219,1.244,4542100,NaN,NaN,NaN,NaN,NaN
2021.08.23T14:50:00.000,1.244,1.266,1.233,1.242,4177400,1.238667,1.232000,1.210750,1.204400,0.001094
2021.08.23T14:51:00.000,1.244,1.266,1.233,1.242,4177400,NaN,NaN,NaN,NaN,NaN
2021.08.23T15:00:00.000,1.244,1.266,1.233,1.242,4177400,NaN,NaN,NaN,NaN,NaN
2021.08.24T14:50:00.000,1.242,1.283,1.232,1.277,8256100,1.254333,1.250400,1.223750,1.213700,0.001493
2021.08.24T14:51:00.000,1.242,1.283,1.232,1.277,8256100,NaN,NaN,NaN,NaN,NaN
2021.08.24T15:00:00.000,1.242,1.283,1.232,1.277,8256100,NaN,NaN,NaN,NaN,NaN
2021.08.25T14:50:00.000,1.27,1.27,1.244,1.251,5418300,1.256667,1.248800,1.233750,1.221400,0.001415
2021.08.25T14:51:00.000,1.27,1.27,1.244,1.251,5418300,NaN,NaN,NaN,NaN,NaN
2021.08.25T15:00:00.000,1.27,1.27,1.244,1.251,5418300,NaN,NaN,NaN,NaN,NaN
2021.08.26T14:50:00.000,1.251,1.254,1.233,1.24,4798700,1.256000,1.250800,1.241000,1.228100,0.001170
2021.08.26T14:51:00.000,1.251,1.254,1.233,1.24,4798700,NaN,NaN,NaN,NaN,NaN
2021.08.26T15:00:00.000,1.251,1.254,1.233,1.24,4798700,NaN,NaN,NaN,NaN,NaN
2021.08.27T14:50:00.000,1.239,1.25,1.227,1.23,3385500,1.240333,1.248000,1.246625,1.234000,0.000810
2021.08.27T14:51:00.000,1.239,1.25,1.227,1.23,3385500,NaN,NaN,NaN,NaN,NaN
2021.08.27T15:00:00.000,1.239,1.25,1.227,1.23,3385500,NaN,NaN,NaN,NaN,NaN
2021.08.30T14:50:00.000,1.242,1.242,1.206,1.211,4635300,1.227000,1.241800,1.240625,1.236900,0.000584
2021.08.30T14:51:00.000,1.242,1.242,1.206,1.211,4635300,NaN,NaN,NaN,NaN,NaN
2021.08.30T15:00:00.000,1.242,1.242,1.206,1.211,4635300,NaN,NaN,NaN,NaN,NaN
2021.08.31T14:50:00.000,1.211,1.253,1.202,1.241,5855200,1.227333,1.234600,1.242000,1.242500,0.000285
2021.08.31T14:51:00.000,1.211,1.253,1.202,1.241,5855200,NaN,NaN,NaN,NaN,NaN
2021.08.31T15:00:00.000,1.211,1.253,1.202,1.241,5855200,NaN,NaN,NaN,NaN,NaN
2021.09.01T14:50:00.000,1.239,1.306,1.224,1.282,14147700,1.244667,1.240800,1.246750,1.244800,0.000409
2021.09.01T14:51:00.000,1.239,1.306,1.224,1.282,14147700,NaN,NaN,NaN,NaN,NaN
2021.09.01T15:00:00.000,1.239,1.306,1.224,1.282,14147700,NaN,NaN,NaN,NaN,NaN
2021.09.02T14:50:00.000,1.284,1.308,1.272,1.299,11808300,1.274000,1.252600,1.253875,1.251700,0.000633
2021.09.02T14:51:00.000,1.284,1.308,1.272,1.299,11808300,NaN,NaN,NaN,NaN,NaN
2021.09.02T15:00:00.000,1.284,1.308,1.272,1.299,11808300,NaN,NaN,NaN,NaN,NaN
2021.09.03T14:50:00.000,1.368,1.369,1.289,1.292,11280000,1.291000,1.265000,1.255750,1.256500,0.000766
2021.09.03T14:51:00.000,1.368,1.369,1.289,1.292,11280000,NaN,NaN,NaN,NaN,NaN
2021.09.03T15:00:00.000,1.368,1.369,1.289,1.292,11280000,NaN,NaN,NaN,NaN,NaN
2021.09.06T14:50:00.000,1.3,1.338,1.295,1.321,6585500,1.304000,1.287000,1.264500,1.264400,0.001099
2021.09.06T14:51:00.000,1.3,1.338,1.295,1.321,6585500,NaN,NaN,NaN,NaN,NaN
2021.09.06T15:00:00.000,1.3,1.338,1.295,1.321,6585500,NaN,NaN,NaN,NaN,NaN
2021.09.07T14:50:00.000,1.329,1.358,1.301,1.351,11521000,1.321333,1.309000,1.278375,1.271800,0.001778
2021.09.07T14:51:00.000,1.329,1.358,1.301,1.351,11521000,NaN,NaN,NaN,NaN,NaN
2021.09.07T15:00:00.000,1.329,1.358,1.301,1.351,11521000,NaN,NaN,NaN,NaN,NaN
2021.09.08T14:50:00.000,1.349,1.379,1.33,1.348,5173300,1.340000,1.322200,1.293125,1.281500,0.002221
2021.09.08T14:51:00.000,1.349,1.379,1.33,1.348,5173300,NaN,NaN,NaN,NaN,NaN
2021.09.08T15:00:00.000,1.349,1.379,1.33,1.348,5173300,NaN,NaN,NaN,NaN,NaN
2021.09.09T14:50:00.000,1.346,1.346,1.311,1.327,5478900,1.342000,1.327800,1.307625,1.290200,0.002181
2021.09.09T14:51:00.000,1.346,1.346,1.311,1.327,5478900,NaN,NaN,NaN,NaN,NaN
2021.09.09T15:00:00.000,1.346,1.346,1.311,1.327,5478900,NaN,NaN,NaN,NaN,NaN
2021.09.10T14:50:00.000,1.336,1.381,1.328,1.342,5812800,1.339000,1.337800,1.320250,1.301400,0.001961
2021.09.10T14:51:00.000,1.336,1.381,1.328,1.342,5812800,NaN,NaN,NaN,NaN,NaN
2021.09.10T15:00:00.000,1.336,1.381,1.328,1.342,5812800,NaN,NaN,NaN,NaN,NaN
2021.09.13T14:50:00.000,1.33,1.359,1.33,1.338,4441500,1.335667,1.341200,1.327250,1.314100,0.001116
2021.09.13T14:51:00.000,1.33,1.359,1.33,1.338,4441500,NaN,NaN,NaN,NaN,NaN
2021.09.13T15:00:00.000,1.33,1.359,1.33,1.338,4441500,NaN,NaN,NaN,NaN,NaN
2021.09.14T14:50:00.000,1.337,1.346,1.298,1.301,5064300,1.327000,1.331200,1.327500,1.320100,0.000563
2021.09.14T14:51:00.000,1.337,1.346,1.298,1.301,5064300,NaN,NaN,NaN,NaN,NaN
2021.09.14T15:00:00.000,1.337,1.346,1.298,1.301,5064300,NaN,NaN,NaN,NaN,NaN
2021.09.15T14:50:00.000,1.301,1.318,1.294,1.308,3185200,1.315667,1.323200,1.329500,1.322700,0.000426
2021.09.15T14:51:00.000,1.301,1.318,1.294,1.308,3185200,NaN,NaN,NaN,NaN,NaN
2021.09.15T15:00:00.000,1.301,1.318,1.294,1.308,3185200,NaN,NaN,NaN,NaN,NaN
2021.09.16T14:50:00.000,1.308,1.316,1.279,1.281,3730800,1.296667,1.314000,1.324500,1.320900,0.000540
2021.09.16T14:51:00.000,1.308,1.316,1.279,1.281,3730800,NaN,NaN,NaN,NaN,NaN
2021.09.16T15:00:00.000,1.308,1.316,1.279,1.281,3730800,NaN,NaN,NaN,NaN,NaN
2021.09.17T14:50:00.000,1.28,1.303,1.28,1.301,3850200,1.296667,1.305800,1.318250,1.321800,0.000496
2021.09.17T14:51:00.000,1.28,1.303,1.28,1.301,3850200,NaN,NaN,NaN,NaN,NaN
2021.09.17T15:00:00.000,1.28,1.303,1.28,1.301,3850200,NaN,NaN,NaN,NaN,NaN
2021.09.22T14:50:00.000,1.29,1.31,1.281,1.305,6469900,1.295667,1.299200,1.312875,1.320200,0.000521
2021.09.22T14:51:00.000,1.29,1.31,1.281,1.305,6469900,NaN,NaN,NaN,NaN,NaN
2021.09.22T15:00:00.000,1.29,1.31,1.281,1.305,6469900,NaN,NaN,NaN,NaN,NaN
2021.09.23T14:50:00.000,1.299,1.33,1.299,1.32,6462100,1.308667,1.303000,1.312000,1.317100,0.000417
2021.09.23T14:51:00.000,1.299,1.33,1.299,1.32,6462100,NaN,NaN,NaN,NaN,NaN
2021.09.23T15:00:00.000,1.299,1.33,1.299,1.32,6462100,NaN,NaN,NaN,NaN,NaN
2021.09.24T14:50:00.000,1.32,1.323,1.298,1.3,3681100,1.308333,1.301400,1.306750,1.312300,0.000328
2021.09.24T14:51:00.000,1.32,1.323,1.298,1.3,3681100,NaN,NaN,NaN,NaN,NaN
2021.09.24T15:00:00.000,1.32,1.323,1.298,1.3,3681100,NaN,NaN,NaN,NaN,NaN
2021.09.27T14:50:00.000,1.299,1.304,1.262,1.268,4085900,1.296000,1.298800,1.298000,1.306400,0.000467
2021.09.27T14:51:00.000,1.299,1.304,1.262,1.268,4085900,NaN,NaN,NaN,NaN,NaN
2021.09.27T15:00:00.000,1.299,1.304,1.262,1.268,4085900,NaN,NaN,NaN,NaN,NaN
2021.09.28T14:50:00.000,1.263,1.294,1.263,1.286,3266200,1.284667,1.295800,1.296125,1.300800,0.000351
2021.09.28T14:51:00.000,1.263,1.294,1.263,1.286,3266200,NaN,NaN,NaN,NaN,NaN
2021.09.28T15:00:00.000,1.263,1.294,1.263,1.286,3266200,NaN,NaN,NaN,NaN,NaN
2021.09.29T14:50:00.000,1.282,1.282,1.263,1.273,2037700,1.275667,1.289400,1.291750,1.294300,0.000248
2021.09.29T14:51:00.000,1.282,1.282,1.263,1.273,2037700,NaN,NaN,NaN,NaN,NaN
2021.09.29T15:00:00.000,1.282,1.282,1.263,1.273,2037700,NaN,NaN,NaN,NaN,NaN
2021.09.30T14:50:00.000,1.279,1.282,1.253,1.267,3706000,1.275333,1.278800,1.290000,1.290900,0.000306
2021.09.30T14:51:00.000,1.279,1.282,1.253,1.267,3706000,NaN,NaN,NaN,NaN,NaN
2021.09.30T15:00:00.000,1.279,1.282,1.253,1.267,3706000,NaN,NaN,NaN,NaN,NaN
2021.10.08T14:50:00.000,1.272,1.292,1.272,1.28,1959800,1.273333,1.274800,1.287375,1.288100,0.000281
2021.10.08T14:51:00.000,1.272,1.292,1.272,1.28,1959800,NaN,NaN,NaN,NaN,NaN
2021.10.08T15:00:00.000,1.272,1.292,1.272,1.28,1959800,NaN,NaN,NaN,NaN,NaN
2021.10.11T14:50:00.000,1.28,1.291,1.267,1.269,1988000,1.272000,1.275000,1.282875,1.286900,0.000311
2021.10.11T14:51:00.000,1.28,1.291,1.267,1.269,1988000,NaN,NaN,NaN,NaN,NaN
2021.10.11T15:00:00.000,1.28,1.291,1.267,1.269,1988000,NaN,NaN,NaN,NaN,NaN
2021.10.12T14:50:00.000,1.264,1.268,1.219,1.23,3482900,1.259667,1.263800,1.271625,1.279800,0.000564
2021.10.12T14:51:00.000,1.264,1.268,1.219,1.23,3482900,NaN,NaN,NaN,NaN,NaN
2021.10.12T15:00:00.000,1.264,1.268,1.219,1.23,3482900,NaN,NaN,NaN,NaN,NaN
2021.10.13T14:50:00.000,1.23,1.243,1.224,1.238,2692300,1.245667,1.256800,1.263875,1.273100,0.000631
2021.10.13T14:51:00.000,1.23,1.243,1.224,1.238,2692300,NaN,NaN,NaN,NaN,NaN
2021.10.13T15:00:00.000,1.23,1.243,1.224,1.238,2692300,NaN,NaN,NaN,NaN,NaN
2021.10.14T14:50:00.000,1.238,1.238,1.222,1.233,2350900,1.233667,1.250000,1.259500,1.264400,0.000496
2021.10.14T14:51:00.000,1.238,1.238,1.222,1.233,2350900,NaN,NaN,NaN,NaN,NaN
2021.10.14T15:00:00.000,1.238,1.238,1.222,1.233,2350900,NaN,NaN,NaN,NaN,NaN
2021.10.15T14:50:00.000,1.234,1.24,1.225,1.23,2935400,1.233667,1.240000,1.252500,1.257400,0.000438
2021.10.15T14:51:00.000,1.234,1.24,1.225,1.23,2935400,NaN,NaN,NaN,NaN,NaN
2021.10.15T15:00:00.000,1.234,1.24,1.225,1.23,2935400,NaN,NaN,NaN,NaN,NaN
2021.10.18T14:50:00.000,1.23,1.236,1.224,1.233,1335500,1.232000,1.232800,1.247500,1.253900,0.000474
2021.10.18T14:51:00.000,1.23,1.236,1.224,1.233,1335500,NaN,NaN,NaN,NaN,NaN
2021.10.18T15:00:00.000,1.23,1.236,1.224,1.233,1335500,NaN,NaN,NaN,NaN,NaN
2021.10.19T14:50:00.000,1.233,1.249,1.233,1.242,2567100,1.235000,1.235200,1.244375,1.249500,0.000366
2021.10.19T14:51:00.000,1.233,1.249,1.233,1.242,2567100,NaN,NaN,NaN,NaN,NaN
2021.10.19T15:00:00.000,1.233,1.249,1.233,1.242,2567100,NaN,NaN,NaN,NaN,NaN
2021.10.20T14:50:00.000,1.243,1.247,1.237,1.239,1696800,1.238000,1.235400,1.239250,1.246100,0.000310
2021.10.20T14:51:00.000,1.243,1.247,1.237,1.239,1696800,NaN,NaN,NaN,NaN,NaN
2021.10.20T15:00:00.000,1.243,1.247,1.237,1.239,1696800,NaN,NaN,NaN,NaN,NaN
2021.10.21T14:50:00.000,1.235,1.252,1.235,1.242,3537500,1.241000,1.237200,1.235875,1.243600,0.000262
2021.10.21T14:51:00.000,1.235,1.252,1.235,1.242,3537500,NaN,NaN,NaN,NaN,NaN
2021.10.21T15:00:00.000,1.235,1.252,1.235,1.242,3537500,NaN,NaN,NaN,NaN,NaN
2021.10.22T14:50:00.000,1.242,1.252,1.238,1.243,2223800,1.241333,1.239800,1.237500,1.239900,0.000116
2021.10.22T14:51:00.000,1.242,1.252,1.238,1.243,2223800,NaN,NaN,NaN,NaN,NaN
2021.10.22T15:00:00.000,1.242,1.252,1.238,1.243,2223800,NaN,NaN,NaN,NaN,NaN
2021.10.25T14:50:00.000,1.248,1.263,1.232,1.258,3944400,1.247667,1.244800,1.240000,1.238800,0.000063
2021.10.25T14:51:00.000,1.248,1.263,1.232,1.258,3944400,NaN,NaN,NaN,NaN,NaN
2021.10.25T15:00:00.000,1.248,1.263,1.232,1.258,3944400,NaN,NaN,NaN,NaN,NaN
2021.10.26T14:50:00.000,1.25,1.257,1.243,1.244,4359500,1.248333,1.245200,1.241375,1.240200,0.000056
2021.10.26T14:51:00.000,1.25,1.257,1.243,1.244,4359500,NaN,NaN,NaN,NaN,NaN
2021.10.26T15:00:00.000,1.25,1.257,1.243,1.244,4359500,NaN,NaN,NaN,NaN,NaN
2021.10.27T14:50:00.000,1.245,1.245,1.211,1.214,6362300,1.238667,1.240200,1.239375,1.237800,0.000118
2021.10.27T14:51:00.000,1.245,1.245,1.211,1.214,6362300,NaN,NaN,NaN,NaN,NaN
2021.10.27T15:00:00.000,1.245,1.245,1.211,1.214,6362300,NaN,NaN,NaN,NaN,NaN
2021.10.28T14:50:00.000,1.213,1.224,1.209,1.211,2425800,1.223000,1.234000,1.236625,1.235600,0.000183
2021.10.28T14:51:00.000,1.213,1.224,1.209,1.211,2425800,NaN,NaN,NaN,NaN,NaN
2021.10.28T15:00:00.000,1.213,1.224,1.209,1.211,2425800,NaN,NaN,NaN,NaN,NaN
2021.10.29T14:50:00.000,1.211,1.225,1.192,1.216,4788200,1.213667,1.228600,1.233375,1.234200,0.000216
2021.10.29T14:51:00.000,1.211,1.225,1.192,1.216,4788200,NaN,NaN,NaN,NaN,NaN
2021.10.29T15:00:00.000,1.211,1.225,1.192,1.216,4788200,NaN,NaN,NaN,NaN,NaN
2021.11.01T14:50:00.000,1.213,1.234,1.213,1.229,5230200,1.218667,1.222800,1.232125,1.233800,0.000219
2021.11.01T14:51:00.000,1.213,1.234,1.213,1.229,5230200,NaN,NaN,NaN,NaN,NaN
2021.11.01T15:00:00.000,1.213,1.234,1.213,1.229,5230200,NaN,NaN,NaN,NaN,NaN
2021.11.02T14:50:00.000,1.225,1.233,1.201,1.209,3859200,1.218000,1.215800,1.228000,1.230500,0.000263
2021.11.02T14:51:00.000,1.225,1.233,1.201,1.209,3859200,NaN,NaN,NaN,NaN,NaN
2021.11.02T15:00:00.000,1.225,1.233,1.201,1.209,3859200,NaN,NaN,NaN,NaN,NaN
2021.11.03T14:50:00.000,1.209,1.215,1.201,1.205,4276000,1.214333,1.214000,1.223250,1.227100,0.000309
2021.11.03T14:51:00.000,1.209,1.215,1.201,1.205,4276000,NaN,NaN,NaN,NaN,NaN
2021.11.03T15:00:00.000,1.209,1.215,1.201,1.205,4276000,NaN,NaN,NaN,NaN,NaN
2021.11.04T14:50:00.000,1.21,1.215,1.201,1.204,2148200,1.206000,1.212600,1.216500,1.223300,0.000326
2021.11.04T14:51:00.000,1.21,1.215,1.201,1.204,2148200,NaN,NaN,NaN,NaN,NaN
2021.11.04T15:00:00.000,1.21,1.215,1.201,1.204,2148200,NaN,NaN,NaN,NaN,NaN
2021.11.05T14:50:00.000,1.198,1.211,1.194,1.196,6549100,1.201667,1.208600,1.210500,1.218600,0.000339
2021.11.05T14:51:00.000,1.198,1.211,1.194,1.196,6549100,NaN,NaN,NaN,NaN,NaN
2021.11.05T15:00:00.000,1.198,1.211,1.194,1.196,6549100,NaN,NaN,NaN,NaN,NaN
2021.11.08T14:50:00.000,1.191,1.209,1.186,1.201,4531200,1.200333,1.203000,1.208875,1.212900,0.000182
2021.11.08T14:51:00.000,1.191,1.209,1.186,1.201,4531200,NaN,NaN,NaN,NaN,NaN
2021.11.08T15:00:00.000,1.191,1.209,1.186,1.201,4531200,NaN,NaN,NaN,NaN,NaN
2021.11.09T14:50:00.000,1.203,1.211,1.198,1.209,3894900,1.202000,1.203000,1.208625,1.209400,0.000075
2021.11.09T14:51:00.000,1.203,1.211,1.198,1.209,3894900,NaN,NaN,NaN,NaN,NaN
2021.11.09T15:00:00.000,1.203,1.211,1.198,1.209,3894900,NaN,NaN,NaN,NaN,NaN
2021.11.10T14:50:00.000,1.209,1.209,1.198,1.207,1843500,1.205667,1.203400,1.207500,1.208700,0.000073
2021.11.10T14:51:00.000,1.209,1.209,1.198,1.207,1843500,NaN,NaN,NaN,NaN,NaN
2021.11.10T15:00:00.000,1.209,1.209,1.198,1.207,1843500,NaN,NaN,NaN,NaN,NaN
2021.11.11T14:50:00.000,1.202,1.239,1.202,1.234,7953700,1.216667,1.209400,1.208125,1.211000,0.000131
2021.11.11T14:51:00.000,1.202,1.239,1.202,1.234,7953700,NaN,NaN,NaN,NaN,NaN
2021.11.11T15:00:00.000,1.202,1.239,1.202,1.234,7953700,NaN,NaN,NaN,NaN,NaN
2021.11.12T14:50:00.000,1.234,1.236,1.216,1.226,2994700,1.222333,1.215400,1.210250,1.212000,0.000150
2021.11.12T14:51:00.000,1.234,1.236,1.216,1.226,2994700,NaN,NaN,NaN,NaN,NaN
2021.11.12T15:00:00.000,1.234,1.236,1.216,1.226,2994700,NaN,NaN,NaN,NaN,NaN
2021.11.15T14:50:00.000,1.221,1.241,1.213,1.217,5324600,1.225667,1.218600,1.211750,1.210800,0.000122
2021.11.15T14:51:00.000,1.221,1.241,1.213,1.217,5324600,NaN,NaN,NaN,NaN,NaN
2021.11.15T15:00:00.000,1.221,1.241,1.213,1.217,5324600,NaN,NaN,NaN,NaN,NaN
2021.11.16T14:50:00.000,1.211,1.22,1.2,1.203,2144400,1.215333,1.217400,1.211625,1.210200,0.000128
2021.11.16T14:51:00.000,1.211,1.22,1.2,1.203,2144400,NaN,NaN,NaN,NaN,NaN
2021.11.16T15:00:00.000,1.211,1.22,1.2,1.203,2144400,NaN,NaN,NaN,NaN,NaN
2021.11.17T14:50:00.000,1.203,1.206,1.198,1.2,3215500,1.206667,1.216000,1.212125,1.209700,0.000135
2021.11.17T14:51:00.000,1.203,1.206,1.198,1.2,3215500,NaN,NaN,NaN,NaN,NaN
2021.11.17T15:00:00.000,1.203,1.206,1.198,1.2,3215500,NaN,NaN,NaN,NaN,NaN
2021.11.18T14:50:00.000,1.195,1.2,1.188,1.19,2233900,1.197667,1.207200,1.210750,1.208300,0.000169
2021.11.18T14:51:00.000,1.195,1.2,1.188,1.19,2233900,NaN,NaN,NaN,NaN,NaN
2021.11.18T15:00:00.000,1.195,1.2,1.188,1.19,2233900,NaN,NaN,NaN,NaN,NaN
2021.11.19T14:50:00.000,1.185,1.217,1.185,1.214,5525500,1.201333,1.204800,1.211375,1.210100,0.000154
2021.11.19T14:51:00.000,1.185,1.217,1.185,1.214,5525500,NaN,NaN,NaN,NaN,NaN
2021.11.19T15:00:00.000,1.185,1.217,1.185,1.214,5525500,NaN,NaN,NaN,NaN,NaN
2021.11.22T14:50:00.000,1.214,1.223,1.206,1.215,1705800,1.206333,1.204400,1.212375,1.211500,0.000146
2021.11.22T14:51:00.000,1.214,1.223,1.206,1.215,1705800,NaN,NaN,NaN,NaN,NaN
2021.11.22T15:00:00.000,1.214,1.223,1.206,1.215,1705800,NaN,NaN,NaN,NaN,NaN
2021.11.23T14:50:00.000,1.21,1.231,1.206,1.22,3631000,1.216333,1.207800,1.210625,1.212600,0.000151
2021.11.23T14:51:00.000,1.21,1.231,1.206,1.22,3631000,NaN,NaN,NaN,NaN,NaN
2021.11.23T15:00:00.000,1.21,1.231,1.206,1.22,3631000,NaN,NaN,NaN,NaN,NaN
2021.11.24T14:50:00.000,1.221,1.226,1.214,1.219,1553400,1.218000,1.211600,1.209750,1.213800,0.000151
2021.11.24T14:51:00.000,1.221,1.226,1.214,1.219,1553400,NaN,NaN,NaN,NaN,NaN
2021.11.24T15:00:00.000,1.221,1.226,1.214,1.219,1553400,NaN,NaN,NaN,NaN,NaN
2021.11.25T14:50:00.000,1.216,1.222,1.213,1.215,2116800,1.218000,1.216600,1.209500,1.211900,0.000106
2021.11.25T14:51:00.000,1.216,1.222,1.213,1.215,2116800,NaN,NaN,NaN,NaN,NaN
2021.11.25T15:00:00.000,1.216,1.222,1.213,1.215,2116800,NaN,NaN,NaN,NaN,NaN
2021.11.26T14:50:00.000,1.213,1.217,1.206,1.207,1810300,1.213667,1.215200,1.210000,1.210000,0.000085
2021.11.26T14:51:00.000,1.213,1.217,1.206,1.207,1810300,NaN,NaN,NaN,NaN,NaN
2021.11.26T15:00:00.000,1.213,1.217,1.206,1.207,1810300,NaN,NaN,NaN,NaN,NaN
2021.11.29T14:50:00.000,1.202,1.202,1.186,1.195,1802700,1.205667,1.211200,1.209375,1.207800,0.000098
2021.11.29T14:51:00.000,1.202,1.202,1.186,1.195,1802700,NaN,NaN,NaN,NaN,NaN
2021.11.29T15:00:00.000,1.202,1.202,1.186,1.195,1802700,NaN,NaN,NaN,NaN,NaN
2021.11.30T14:50:00.000,1.2,1.206,1.191,1.198,2416500,1.200000,1.206800,1.210375,1.207300,0.000105
2021.11.30T14:51:00.000,1.2,1.206,1.191,1.198,2416500,NaN,NaN,NaN,NaN,NaN
2021.11.30T15:00:00.000,1.2,1.206,1.191,1.198,2416500,NaN,NaN,NaN,NaN,NaN
2021.12.01T14:50:00.000,1.198,1.218,1.196,1.218,6705200,1.203667,1.206600,1.210875,1.209100,0.000108
2021.12.01T14:51:00.000,1.198,1.218,1.196,1.218,6705200,NaN,NaN,NaN,NaN,NaN
2021.12.01T15:00:00.000,1.198,1.218,1.196,1.218,6705200,NaN,NaN,NaN,NaN,NaN
2021.12.02T14:50:00.000,1.218,1.231,1.21,1.224,3479300,1.213333,1.208400,1.212000,1.212500,0.000082
2021.12.02T14:51:00.000,1.218,1.231,1.21,1.224,3479300,NaN,NaN,NaN,NaN,NaN
2021.12.02T15:00:00.000,1.218,1.231,1.21,1.224,3479300,NaN,NaN,NaN,NaN,NaN
2021.12.03T14:50:00.000,1.22,1.233,1.217,1.228,3118800,1.223333,1.212600,1.213000,1.213900,0.000104
2021.12.03T14:51:00.000,1.22,1.233,1.217,1.228,3118800,NaN,NaN,NaN,NaN,NaN
2021.12.03T15:00:00.000,1.22,1.233,1.217,1.228,3118800,NaN,NaN,NaN,NaN,NaN
2021.12.06T14:50:00.000,1.233,1.282,1.233,1.251,9943900,1.234333,1.223800,1.217000,1.217500,0.000229
2021.12.06T14:51:00.000,1.233,1.282,1.233,1.251,9943900,NaN,NaN,NaN,NaN,NaN
2021.12.06T15:00:00.000,1.233,1.282,1.233,1.251,9943900,NaN,NaN,NaN,NaN,NaN
2021.12.07T14:50:00.000,1.255,1.266,1.241,1.253,4194400,1.244000,1.234800,1.221750,1.220800,0.000343
2021.12.07T14:51:00.000,1.255,1.266,1.241,1.253,4194400,NaN,NaN,NaN,NaN,NaN
2021.12.07T15:00:00.000,1.255,1.266,1.241,1.253,4194400,NaN,NaN,NaN,NaN,NaN
2021.12.08T14:50:00.000,1.253,1.264,1.241,1.262,3003200,1.255333,1.243600,1.228625,1.225100,0.000494
2021.12.08T14:51:00.000,1.253,1.264,1.241,1.262,3003200,NaN,NaN,NaN,NaN,NaN
2021.12.08T15:00:00.000,1.253,1.264,1.241,1.262,3003200,NaN,NaN,NaN,NaN,NaN
2021.12.09T14:50:00.000,1.262,1.307,1.261,1.288,8060000,1.267667,1.256400,1.240250,1.232400,0.000826
2021.12.09T14:51:00.000,1.262,1.307,1.261,1.288,8060000,NaN,NaN,NaN,NaN,NaN
2021.12.09T15:00:00.000,1.262,1.307,1.261,1.288,8060000,NaN,NaN,NaN,NaN,NaN
2021.12.10T14:50:00.000,1.283,1.283,1.264,1.27,3152800,1.273333,1.264800,1.249250,1.238700,0.000863
2021.12.10T14:51:00.000,1.283,1.283,1.264,1.27,3152800,NaN,NaN,NaN,NaN,NaN
2021.12.10T15:00:00.000,1.283,1.283,1.264,1.27,3152800,NaN,NaN,NaN,NaN,NaN
2021.12.13T14:50:00.000,1.275,1.304,1.271,1.274,4887800,1.277333,1.269400,1.256250,1.246600,0.000735
2021.12.13T14:51:00.000,1.275,1.304,1.271,1.274,4887800,NaN,NaN,NaN,NaN,NaN
2021.12.13T15:00:00.000,1.275,1.304,1.271,1.274,4887800,NaN,NaN,NaN,NaN,NaN
2021.12.14T14:50:00.000,1.271,1.275,1.26,1.264,2073400,1.269333,1.271600,1.261250,1.253200,0.000485
2021.12.14T14:51:00.000,1.271,1.275,1.26,1.264,2073400,NaN,NaN,NaN,NaN,NaN
2021.12.14T15:00:00.000,1.271,1.275,1.26,1.264,2073400,NaN,NaN,NaN,NaN,NaN
2021.12.15T14:50:00.000,1.27,1.28,1.264,1.269,1801800,1.269000,1.273000,1.266375,1.258300,0.000360
2021.12.15T14:51:00.000,1.27,1.28,1.264,1.269,1801800,NaN,NaN,NaN,NaN,NaN
2021.12.15T15:00:00.000,1.27,1.28,1.264,1.269,1801800,NaN,NaN,NaN,NaN,NaN
2021.12.16T14:50:00.000,1.271,1.278,1.264,1.277,1051100,1.270000,1.270800,1.269625,1.263600,0.000249
2021.12.16T14:51:00.000,1.271,1.278,1.264,1.277,1051100,NaN,NaN,NaN,NaN,NaN
2021.12.16T15:00:00.000,1.271,1.278,1.264,1.277,1051100,NaN,NaN,NaN,NaN,NaN
2021.12.17T14:50:00.000,1.272,1.282,1.267,1.267,3104600,1.271000,1.270200,1.271375,1.267500,0.000109
2021.12.17T14:51:00.000,1.272,1.282,1.267,1.267,3104600,NaN,NaN,NaN,NaN,NaN
2021.12.17T15:00:00.000,1.272,1.282,1.267,1.267,3104600,NaN,NaN,NaN,NaN,NaN
2021.12.20T14:50:00.000,1.256,1.268,1.247,1.249,2534500,1.264333,1.265200,1.269750,1.267300,0.000116
2021.12.20T14:51:00.000,1.256,1.268,1.247,1.249,2534500,NaN,NaN,NaN,NaN,NaN
2021.12.20T15:00:00.000,1.256,1.268,1.247,1.249,2534500,NaN,NaN,NaN,NaN,NaN
2021.12.21T14:50:00.000,1.249,1.267,1.246,1.263,2647200,1.259667,1.265000,1.266625,1.268300,0.000096
2021.12.21T14:51:00.000,1.249,1.267,1.246,1.263,2647200,NaN,NaN,NaN,NaN,NaN
2021.12.21T15:00:00.000,1.249,1.267,1.246,1.263,2647200,NaN,NaN,NaN,NaN,NaN
2021.12.22T14:50:00.000,1.259,1.263,1.252,1.254,1094700,1.255333,1.262000,1.264625,1.267500,0.000112
2021.12.22T14:51:00.000,1.259,1.263,1.252,1.254,1094700,NaN,NaN,NaN,NaN,NaN
2021.12.22T15:00:00.000,1.259,1.263,1.252,1.254,1094700,NaN,NaN,NaN,NaN,NaN
2021.12.23T14:50:00.000,1.254,1.26,1.247,1.254,1205400,1.257000,1.257400,1.262125,1.264100,0.000076
2021.12.23T14:51:00.000,1.254,1.26,1.247,1.254,1205400,NaN,NaN,NaN,NaN,NaN
2021.12.23T15:00:00.000,1.254,1.26,1.247,1.254,1205400,NaN,NaN,NaN,NaN,NaN
2021.12.24T14:50:00.000,1.255,1.262,1.243,1.244,1235057,1.250667,1.252800,1.259625,1.261500,0.000107
2021.12.24T14:51:00.000,1.255,1.262,1.243,1.244,1235057,NaN,NaN,NaN,NaN,NaN
2021.12.24T15:00:00.000,1.255,1.262,1.243,1.244,1235057,NaN,NaN,NaN,NaN,NaN
2021.12.27T14:50:00.000,1.243,1.254,1.243,1.25,853400,1.249333,1.253000,1.257250,1.259100,0.000098
2021.12.27T14:51:00.000,1.243,1.254,1.243,1.25,853400,NaN,NaN,NaN,NaN,NaN
2021.12.27T15:00:00.000,1.243,1.254,1.243,1.25,853400,NaN,NaN,NaN,NaN,NaN
2021.12.28T14:50:00.000,1.249,1.257,1.245,1.257,1706100,1.250333,1.251800,1.254750,1.258400,0.000096
2021.12.28T14:51:00.000,1.249,1.257,1.245,1.257,1706100,NaN,NaN,NaN,NaN,NaN
2021.12.28T15:00:00.000,1.249,1.257,1.245,1.257,1706100,NaN,NaN,NaN,NaN,NaN
2021.12.29T14:50:00.000,1.256,1.257,1.248,1.248,1526000,1.251667,1.250600,1.252375,1.256300,0.000091
2021.12.29T14:51:00.000,1.256,1.257,1.248,1.248,1526000,NaN,NaN,NaN,NaN,NaN
2021.12.29T15:00:00.000,1.256,1.257,1.248,1.248,1526000,NaN,NaN,NaN,NaN,NaN
2021.12.30T14:50:00.000,1.253,1.272,1.247,1.266,3998000,1.257000,1.253000,1.254500,1.255200,0.000057
2021.12.30T14:51:00.000,1.253,1.272,1.247,1.266,3998000,NaN,NaN,NaN,NaN,NaN
2021.12.30T15:00:00.000,1.253,1.272,1.247,1.266,3998000,NaN,NaN,NaN,NaN,NaN
2021.12.31T14:50:00.000,1.272,1.274,1.262,1.27,3385900,1.261333,1.258200,1.255375,1.255500,0.000064
2021.12.31T14:51:00.000,1.272,1.274,1.262,1.27,3385900,NaN,NaN,NaN,NaN,NaN
2021.12.31T15:00:00.000,1.272,1.274,1.262,1.27,3385900,NaN,NaN,NaN,NaN,NaN
2022.01.04T14:50:00.000,1.27,1.272,1.258,1.27,1769300,1.268667,1.262200,1.257375,1.257600,0.000077
2022.01.04T14:51:00.000,1.27,1.272,1.258,1.27,1769300,NaN,NaN,NaN,NaN,NaN
2022.01.04T15:00:00.000,1.27,1.272,1.258,1.27,1769300,NaN,NaN,NaN,NaN,NaN
2022.01.05T14:50:00.000,1.269,1.275,1.26,1.261,1611500,1.267000,1.263000,1.258250,1.257400,0.000075
2022.01.05T14:51:00.000,1.269,1.275,1.26,1.261,1611500,NaN,NaN,NaN,NaN,NaN
2022.01.05T15:00:00.000,1.269,1.275,1.26,1.261,1611500,NaN,NaN,NaN,NaN,NaN
2022.01.06T14:50:00.000,1.261,1.264,1.235,1.238,2431300,1.256333,1.261000,1.257500,1.255800,0.000109
2022.01.06T14:51:00.000,1.261,1.264,1.235,1.238,2431300,NaN,NaN,NaN,NaN,NaN
2022.01.06T15:00:00.000,1.261,1.264,1.235,1.238,2431300,NaN,NaN,NaN,NaN,NaN
2022.01.07T14:50:00.000,1.238,1.253,1.238,1.243,1633200,1.247333,1.256400,1.256625,1.254700,0.000124
2022.01.07T14:51:00.000,1.238,1.253,1.238,1.243,1633200,NaN,NaN,NaN,NaN,NaN
2022.01.07T15:00:00.000,1.238,1.253,1.238,1.243,1633200,NaN,NaN,NaN,NaN,NaN
2022.01.10T14:50:00.000,1.247,1.252,1.242,1.244,1418800,1.241667,1.251200,1.255000,1.254700,0.000124
2022.01.10T14:51:00.000,1.247,1.252,1.242,1.244,1418800,NaN,NaN,NaN,NaN,NaN
2022.01.10T15:00:00.000,1.247,1.252,1.242,1.244,1418800,NaN,NaN,NaN,NaN,NaN
2022.01.11T14:50:00.000,1.244,1.259,1.244,1.246,2583800,1.244333,1.246400,1.254750,1.254300,0.000129
2022.01.11T14:51:00.000,1.244,1.259,1.244,1.246,2583800,NaN,NaN,NaN,NaN,NaN
2022.01.11T15:00:00.000,1.244,1.259,1.244,1.246,2583800,NaN,NaN,NaN,NaN,NaN
2022.01.12T14:50:00.000,1.249,1.252,1.241,1.25,2513400,1.246667,1.244200,1.252750,1.253600,0.000130
2022.01.12T14:51:00.000,1.249,1.252,1.241,1.25,2513400,NaN,NaN,NaN,NaN,NaN
2022.01.12T15:00:00.000,1.249,1.252,1.241,1.25,2513400,NaN,NaN,NaN,NaN,NaN
2022.01.13T14:50:00.000,1.255,1.265,1.25,1.253,4120800,1.249667,1.247200,1.250625,1.254100,0.000126
2022.01.13T14:51:00.000,1.255,1.265,1.25,1.253,4120800,NaN,NaN,NaN,NaN,NaN
2022.01.13T15:00:00.000,1.255,1.265,1.25,1.253,4120800,NaN,NaN,NaN,NaN,NaN
2022.01.14T14:50:00.000,1.253,1.253,1.214,1.224,4582600,1.242333,1.243400,1.244875,1.249900,0.000185
2022.01.14T14:51:00.000,1.253,1.253,1.214,1.224,4582600,NaN,NaN,NaN,NaN,NaN
2022.01.14T15:00:00.000,1.253,1.253,1.214,1.224,4582600,NaN,NaN,NaN,NaN,NaN
2022.01.17T14:50:00.000,1.221,1.231,1.202,1.222,2432700,1.233000,1.239000,1.240000,1.245100,0.000199
2022.01.17T14:51:00.000,1.221,1.231,1.202,1.222,2432700,NaN,NaN,NaN,NaN,NaN
2022.01.17T15:00:00.000,1.221,1.231,1.202,1.222,2432700,NaN,NaN,NaN,NaN,NaN
2022.01.18T14:50:00.000,1.22,1.235,1.216,1.225,3227900,1.223667,1.234800,1.238375,1.240600,0.000158
2022.01.18T14:51:00.000,1.22,1.235,1.216,1.225,3227900,NaN,NaN,NaN,NaN,NaN
2022.01.18T15:00:00.000,1.22,1.235,1.216,1.225,3227900,NaN,NaN,NaN,NaN,NaN
2022.01.19T14:50:00.000,1.228,1.24,1.226,1.23,2556400,1.225667,1.230800,1.236750,1.237500,0.000118
2022.01.19T14:51:00.000,1.228,1.24,1.226,1.23,2556400,NaN,NaN,NaN,NaN,NaN
2022.01.19T15:00:00.000,1.228,1.24,1.226,1.23,2556400,NaN,NaN,NaN,NaN,NaN
2022.01.20T14:50:00.000,1.231,1.266,1.231,1.25,4273600,1.235000,1.230200,1.237500,1.238700,0.000132
2022.01.20T14:51:00.000,1.231,1.266,1.231,1.25,4273600,NaN,NaN,NaN,NaN,NaN
2022.01.20T15:00:00.000,1.231,1.266,1.231,1.25,4273600,NaN,NaN,NaN,NaN,NaN
2022.01.21T14:50:00.000,1.251,1.251,1.239,1.242,1486600,1.240667,1.233800,1.237000,1.238600,0.000131
2022.01.21T14:51:00.000,1.251,1.251,1.239,1.242,1486600,NaN,NaN,NaN,NaN,NaN
2022.01.21T15:00:00.000,1.251,1.251,1.239,1.242,1486600,NaN,NaN,NaN,NaN,NaN
2022.01.24T14:50:00.000,1.26,1.26,1.23,1.234,1115100,1.242000,1.236200,1.235000,1.237600,0.000129
2022.01.24T14:51:00.000,1.26,1.26,1.23,1.234,1115100,NaN,NaN,NaN,NaN,NaN
2022.01.24T15:00:00.000,1.26,1.26,1.23,1.234,1115100,NaN,NaN,NaN,NaN,NaN
2022.01.25T14:50:00.000,1.234,1.235,1.202,1.204,1766400,1.226667,1.232000,1.228875,1.233400,0.000217
2022.01.25T14:51:00.000,1.234,1.235,1.202,1.204,1766400,NaN,NaN,NaN,NaN,NaN
2022.01.25T15:00:00.000,1.234,1.235,1.202,1.204,1766400,NaN,NaN,NaN,NaN,NaN
2022.01.26T14:50:00.000,1.208,1.224,1.204,1.22,1842500,1.219333,1.230000,1.228375,1.230400,0.000199
2022.01.26T14:51:00.000,1.208,1.224,1.204,1.22,1842500,NaN,NaN,NaN,NaN,NaN
2022.01.26T15:00:00.000,1.208,1.224,1.204,1.22,1842500,NaN,NaN,NaN,NaN,NaN
2022.01.27T14:50:00.000,1.216,1.216,1.196,1.198,2276200,1.207333,1.219600,1.225375,1.224900,0.000222
2022.01.27T14:51:00.000,1.216,1.216,1.196,1.198,2276200,NaN,NaN,NaN,NaN,NaN
2022.01.27T15:00:00.000,1.216,1.216,1.196,1.198,2276200,NaN,NaN,NaN,NaN,NaN
2022.01.28T14:50:00.000,1.202,1.214,1.193,1.196,2651800,1.204667,1.210400,1.221750,1.222100,0.000298
2022.01.28T14:51:00.000,1.202,1.214,1.193,1.196,2651800,NaN,NaN,NaN,NaN,NaN
2022.01.28T15:00:00.000,1.202,1.214,1.193,1.196,2651800,NaN,NaN,NaN,NaN,NaN
2022.02.07T14:50:00.000,1.195,1.215,1.195,1.205,3471700,1.199667,1.204600,1.218625,1.220400,0.000324
2022.02.07T14:51:00.000,1.195,1.215,1.195,1.205,3471700,NaN,NaN,NaN,NaN,NaN
2022.02.07T15:00:00.000,1.195,1.215,1.195,1.205,3471700,NaN,NaN,NaN,NaN,NaN
2022.02.08T14:50:00.000,1.2,1.22,1.195,1.22,3713200,1.207000,1.207800,1.214875,1.219900,0.000322
2022.02.08T14:51:00.000,1.2,1.22,1.195,1.22,3713200,NaN,NaN,NaN,NaN,NaN
2022.02.08T15:00:00.000,1.2,1.22,1.195,1.22,3713200,NaN,NaN,NaN,NaN,NaN
2022.02.09T14:50:00.000,1.215,1.223,1.213,1.219,2518000,1.214667,1.207600,1.212000,1.218800,0.000311
2022.02.09T14:51:00.000,1.215,1.223,1.213,1.219,2518000,NaN,NaN,NaN,NaN,NaN
2022.02.09T15:00:00.000,1.215,1.223,1.213,1.219,2518000,NaN,NaN,NaN,NaN,NaN
2022.02.10T14:50:00.000,1.219,1.226,1.216,1.223,3343900,1.220667,1.212600,1.210625,1.216100,0.000208
2022.02.10T14:51:00.000,1.219,1.226,1.216,1.223,3343900,NaN,NaN,NaN,NaN,NaN
2022.02.10T15:00:00.000,1.219,1.226,1.216,1.223,3343900,NaN,NaN,NaN,NaN,NaN
2022.02.11T14:50:00.000,1.223,1.244,1.223,1.227,3632600,1.223000,1.218800,1.213500,1.214600,0.000150
2022.02.11T14:51:00.000,1.223,1.244,1.223,1.227,3632600,NaN,NaN,NaN,NaN,NaN
2022.02.11T15:00:00.000,1.223,1.244,1.223,1.227,3632600,NaN,NaN,NaN,NaN,NaN
2022.02.14T14:50:00.000,1.222,1.222,1.185,1.191,3889900,1.213667,1.216000,1.209875,1.210300,0.000150
2022.02.14T14:51:00.000,1.222,1.222,1.185,1.191,3889900,NaN,NaN,NaN,NaN,NaN
2022.02.14T15:00:00.000,1.222,1.222,1.185,1.191,3889900,NaN,NaN,NaN,NaN,NaN
2022.02.15T14:50:00.000,1.188,1.209,1.187,1.194,2008500,1.204000,1.210800,1.209375,1.209300,0.000172
2022.02.15T14:51:00.000,1.188,1.209,1.187,1.194,2008500,NaN,NaN,NaN,NaN,NaN
2022.02.15T15:00:00.000,1.188,1.209,1.187,1.194,2008500,NaN,NaN,NaN,NaN,NaN
2022.02.16T14:50:00.000,1.197,1.206,1.192,1.194,2732700,1.193000,1.205800,1.209125,1.206700,0.000177
2022.02.16T14:51:00.000,1.197,1.206,1.192,1.194,2732700,NaN,NaN,NaN,NaN,NaN
2022.02.16T15:00:00.000,1.197,1.206,1.192,1.194,2732700,NaN,NaN,NaN,NaN,NaN
2022.02.17T14:50:00.000,1.192,1.197,1.182,1.185,2817200,1.191000,1.198200,1.206625,1.205400,0.000215
2022.02.17T14:51:00.000,1.192,1.197,1.182,1.185,2817200,NaN,NaN,NaN,NaN,NaN
2022.02.17T15:00:00.000,1.192,1.197,1.182,1.185,2817200,NaN,NaN,NaN,NaN,NaN
2022.02.18T14:50:00.000,1.185,1.19,1.18,1.187,2457100,1.188667,1.190200,1.202500,1.204500,0.000239
2022.02.18T14:51:00.000,1.185,1.19,1.18,1.187,2457100,NaN,NaN,NaN,NaN,NaN
2022.02.18T15:00:00.000,1.185,1.19,1.18,1.187,2457100,NaN,NaN,NaN,NaN,NaN
2022.02.21T14:50:00.000,1.187,1.192,1.184,1.192,1644000,1.188000,1.190400,1.199125,1.203200,0.000253
2022.02.21T14:51:00.000,1.187,1.192,1.184,1.192,1644000,NaN,NaN,NaN,NaN,NaN
2022.02.21T15:00:00.000,1.187,1.192,1.184,1.192,1644000,NaN,NaN,NaN,NaN,NaN
2022.02.22T14:50:00.000,1.187,1.187,1.169,1.17,3129000,1.183000,1.185600,1.192500,1.198200,0.000310
2022.02.22T14:51:00.000,1.187,1.187,1.169,1.17,3129000,NaN,NaN,NaN,NaN,NaN
2022.02.22T15:00:00.000,1.187,1.187,1.169,1.17,3129000,NaN,NaN,NaN,NaN,NaN
2022.02.23T14:50:00.000,1.174,1.183,1.171,1.183,1652800,1.181667,1.183400,1.187000,1.194600,0.000277
2022.02.23T14:51:00.000,1.174,1.183,1.171,1.183,1652800,NaN,NaN,NaN,NaN,NaN
2022.02.23T15:00:00.000,1.174,1.183,1.171,1.183,1652800,NaN,NaN,NaN,NaN,NaN
2022.02.24T14:50:00.000,1.181,1.181,1.139,1.149,2877600,1.167333,1.176200,1.181750,1.187200,0.000349
2022.02.24T14:51:00.000,1.181,1.181,1.139,1.149,2877600,NaN,NaN,NaN,NaN,NaN
2022.02.24T15:00:00.000,1.181,1.181,1.139,1.149,2877600,NaN,NaN,NaN,NaN,NaN
2022.02.25T14:50:00.000,1.151,1.166,1.143,1.145,2407600,1.159000,1.167800,1.175625,1.179000,0.000302
2022.02.25T14:51:00.000,1.151,1.166,1.143,1.145,2407600,NaN,NaN,NaN,NaN,NaN
2022.02.25T15:00:00.000,1.151,1.166,1.143,1.145,2407600,NaN,NaN,NaN,NaN,NaN
2022.02.28T14:50:00.000,1.147,1.147,1.131,1.141,760900,1.145000,1.157600,1.169000,1.174000,0.000407
2022.02.28T14:51:00.000,1.147,1.147,1.131,1.141,760900,NaN,NaN,NaN,NaN,NaN
2022.02.28T15:00:00.000,1.147,1.147,1.131,1.141,760900,NaN,NaN,NaN,NaN,NaN
2022.03.01T14:50:00.000,1.14,1.152,1.14,1.152,1130800,1.146000,1.154000,1.164875,1.169800,0.000397
2022.03.01T14:51:00.000,1.14,1.152,1.14,1.152,1130800,NaN,NaN,NaN,NaN,NaN
2022.03.01T15:00:00.000,1.14,1.152,1.14,1.152,1130800,NaN,NaN,NaN,NaN,NaN
2022.03.02T14:50:00.000,1.147,1.149,1.141,1.148,1177400,1.147000,1.147000,1.160000,1.165200,0.000365
2022.03.02T14:51:00.000,1.147,1.149,1.141,1.148,1177400,NaN,NaN,NaN,NaN,NaN
2022.03.02T15:00:00.000,1.147,1.149,1.141,1.148,1177400,NaN,NaN,NaN,NaN,NaN
2022.03.03T14:50:00.000,1.153,1.154,1.145,1.148,486500,1.149333,1.146800,1.154500,1.161500,0.000342
2022.03.03T14:51:00.000,1.153,1.154,1.145,1.148,486500,NaN,NaN,NaN,NaN,NaN
2022.03.03T15:00:00.000,1.153,1.154,1.145,1.148,486500,NaN,NaN,NaN,NaN,NaN
2022.03.04T14:50:00.000,1.143,1.143,1.13,1.134,1147200,1.143333,1.144600,1.150000,1.156200,0.000324
2022.03.04T14:51:00.000,1.143,1.143,1.13,1.134,1147200,NaN,NaN,NaN,NaN,NaN
2022.03.04T15:00:00.000,1.143,1.143,1.13,1.134,1147200,NaN,NaN,NaN,NaN,NaN
2022.03.07T14:50:00.000,1.134,1.134,1.106,1.109,1912900,1.130333,1.138200,1.140750,1.147900,0.000350
2022.03.07T14:51:00.000,1.134,1.134,1.106,1.109,1912900,NaN,NaN,NaN,NaN,NaN
2022.03.07T15:00:00.000,1.134,1.134,1.106,1.109,1912900,NaN,NaN,NaN,NaN,NaN
2022.03.08T14:50:00.000,1.111,1.113,1.082,1.082,2361600,1.108333,1.124200,1.132375,1.139100,0.000658
2022.03.08T14:51:00.000,1.111,1.113,1.082,1.082,2361600,NaN,NaN,NaN,NaN,NaN
2022.03.08T15:00:00.000,1.111,1.113,1.082,1.082,2361600,NaN,NaN,NaN,NaN,NaN
2022.03.09T14:50:00.000,1.087,1.088,1.025,1.055,2075000,1.082000,1.105600,1.121125,1.126300,0.001009
2022.03.09T14:51:00.000,1.087,1.088,1.025,1.055,2075000,NaN,NaN,NaN,NaN,NaN
2022.03.09T15:00:00.000,1.087,1.088,1.025,1.055,2075000,NaN,NaN,NaN,NaN,NaN
2022.03.10T14:50:00.000,1.059,1.082,1.051,1.057,1275100,1.064667,1.087400,1.110625,1.117100,0.001353
2022.03.10T14:51:00.000,1.059,1.082,1.051,1.057,1275100,NaN,NaN,NaN,NaN,NaN
2022.03.10T15:00:00.000,1.059,1.082,1.051,1.057,1275100,NaN,NaN,NaN,NaN,NaN
2022.03.11T14:50:00.000,1.055,1.081,1.025,1.078,2617700,1.063333,1.076200,1.101375,1.110400,0.001383
2022.03.11T14:51:00.000,1.055,1.081,1.025,1.078,2617700,NaN,NaN,NaN,NaN,NaN
2022.03.11T15:00:00.000,1.055,1.081,1.025,1.078,2617700,NaN,NaN,NaN,NaN,NaN
2022.03.14T14:50:00.000,1.068,1.083,1.058,1.06,1526100,1.065000,1.066400,1.090375,1.102300,0.001478
2022.03.14T14:51:00.000,1.068,1.083,1.058,1.06,1526100,NaN,NaN,NaN,NaN,NaN
2022.03.14T15:00:00.000,1.068,1.083,1.058,1.06,1526100,NaN,NaN,NaN,NaN,NaN
2022.03.15T14:50:00.000,1.061,1.071,1.02,1.024,2295900,1.054000,1.054800,1.074875,1.089500,0.001680
2022.03.15T14:51:00.000,1.061,1.071,1.02,1.024,2295900,NaN,NaN,NaN,NaN,NaN
2022.03.15T15:00:00.000,1.061,1.071,1.02,1.024,2295900,NaN,NaN,NaN,NaN,NaN
2022.03.16T14:50:00.000,1.029,1.086,1.018,1.084,5341300,1.056000,1.060600,1.068625,1.083100,0.001300
2022.03.16T14:51:00.000,1.029,1.086,1.018,1.084,5341300,NaN,NaN,NaN,NaN,NaN
2022.03.16T15:00:00.000,1.029,1.086,1.018,1.084,5341300,NaN,NaN,NaN,NaN,NaN
2022.03.17T14:50:00.000,1.089,1.09,1.064,1.071,3281500,1.059667,1.063400,1.063875,1.075400,0.000834
2022.03.17T14:51:00.000,1.089,1.09,1.064,1.071,3281500,NaN,NaN,NaN,NaN,NaN
2022.03.17T15:00:00.000,1.089,1.09,1.064,1.071,3281500,NaN,NaN,NaN,NaN,NaN
2022.03.18T14:50:00.000,1.072,1.084,1.065,1.078,2095800,1.077667,1.063400,1.063375,1.069800,0.000460
2022.03.18T14:51:00.000,1.072,1.084,1.065,1.078,2095800,NaN,NaN,NaN,NaN,NaN
2022.03.18T15:00:00.000,1.072,1.084,1.065,1.078,2095800,NaN,NaN,NaN,NaN,NaN
2022.03.21T14:50:00.000,1.08,1.08,1.06,1.065,1239400,1.071333,1.064400,1.064625,1.065400,0.000289
2022.03.21T14:51:00.000,1.08,1.08,1.06,1.065,1239400,NaN,NaN,NaN,NaN,NaN
2022.03.21T15:00:00.000,1.08,1.08,1.06,1.065,1239400,NaN,NaN,NaN,NaN,NaN
2022.03.22T14:50:00.000,1.067,1.075,1.062,1.067,763600,1.070000,1.073000,1.065875,1.063900,0.000260
2022.03.22T14:51:00.000,1.067,1.075,1.062,1.067,763600,NaN,NaN,NaN,NaN,NaN
2022.03.22T15:00:00.000,1.067,1.075,1.062,1.067,763600,NaN,NaN,NaN,NaN,NaN
2022.03.23T14:50:00.000,1.067,1.072,1.065,1.067,1476100,1.066333,1.069600,1.064500,1.065100,0.000251
2022.03.23T14:51:00.000,1.067,1.072,1.065,1.067,1476100,NaN,NaN,NaN,NaN,NaN
2022.03.23T15:00:00.000,1.067,1.072,1.065,1.067,1476100,NaN,NaN,NaN,NaN,NaN
2022.03.24T14:50:00.000,1.057,1.064,1.053,1.056,429100,1.063333,1.066600,1.064000,1.065000,0.000253
2022.03.24T14:51:00.000,1.057,1.064,1.053,1.056,429100,NaN,NaN,NaN,NaN,NaN
2022.03.24T15:00:00.000,1.057,1.064,1.053,1.056,429100,NaN,NaN,NaN,NaN,NaN
2022.03.25T14:50:00.000,1.055,1.063,1.045,1.045,799300,1.056000,1.060000,1.066625,1.061700,0.000265
2022.03.25T14:51:00.000,1.055,1.063,1.045,1.045,799300,NaN,NaN,NaN,NaN,NaN
2022.03.25T15:00:00.000,1.055,1.063,1.045,1.045,799300,NaN,NaN,NaN,NaN,NaN
2022.03.28T14:50:00.000,1.041,1.055,1.033,1.05,1471500,1.050333,1.057000,1.062375,1.060700,0.000278
2022.03.28T14:51:00.000,1.041,1.055,1.033,1.05,1471500,NaN,NaN,NaN,NaN,NaN
2022.03.28T15:00:00.000,1.041,1.055,1.033,1.05,1471500,NaN,NaN,NaN,NaN,NaN
2022.03.29T14:50:00.000,1.05,1.051,1.039,1.04,339900,1.045000,1.051600,1.058500,1.062300,0.000183
2022.03.29T14:51:00.000,1.05,1.051,1.039,1.04,339900,NaN,NaN,NaN,NaN,NaN
2022.03.29T15:00:00.000,1.05,1.051,1.039,1.04,339900,NaN,NaN,NaN,NaN,NaN
2022.03.30T14:50:00.000,1.04,1.072,1.04,1.071,2331500,1.053667,1.052400,1.057625,1.061000,0.000142
2022.03.30T14:51:00.000,1.04,1.072,1.04,1.071,2331500,NaN,NaN,NaN,NaN,NaN
2022.03.30T15:00:00.000,1.04,1.072,1.04,1.071,2331500,NaN,NaN,NaN,NaN,NaN
2022.03.31T14:50:00.000,1.069,1.071,1.062,1.063,2094500,1.058000,1.053800,1.057375,1.060200,0.000132
2022.03.31T14:51:00.000,1.069,1.071,1.062,1.063,2094500,NaN,NaN,NaN,NaN,NaN
2022.03.31T15:00:00.000,1.069,1.071,1.062,1.063,2094500,NaN,NaN,NaN,NaN,NaN
2022.04.01T14:50:00.000,1.063,1.08,1.06,1.075,1269300,1.069667,1.059800,1.058375,1.059900,0.000122
2022.04.01T14:51:00.000,1.063,1.08,1.06,1.075,1269300,NaN,NaN,NaN,NaN,NaN
2022.04.01T15:00:00.000,1.063,1.08,1.06,1.075,1269300,NaN,NaN,NaN,NaN,NaN
2022.04.06T14:50:00.000,1.076,1.081,1.07,1.074,811000,1.070667,1.064600,1.059250,1.060800,0.000138
2022.04.06T14:51:00.000,1.076,1.081,1.07,1.074,811000,NaN,NaN,NaN,NaN,NaN
2022.04.06T15:00:00.000,1.076,1.081,1.07,1.074,811000,NaN,NaN,NaN,NaN,NaN
2022.04.07T14:50:00.000,1.076,1.081,1.063,1.063,952900,1.070667,1.069200,1.060125,1.060400,0.000135
2022.04.07T14:51:00.000,1.076,1.081,1.063,1.063,952900,NaN,NaN,NaN,NaN,NaN
2022.04.07T15:00:00.000,1.076,1.081,1.063,1.063,952900,NaN,NaN,NaN,NaN,NaN
2022.04.08T14:50:00.000,1.062,1.073,1.055,1.071,1110400,1.069333,1.069200,1.063375,1.060800,0.000142
2022.04.08T14:51:00.000,1.062,1.073,1.055,1.071,1110400,NaN,NaN,NaN,NaN,NaN
2022.04.08T15:00:00.000,1.062,1.073,1.055,1.071,1110400,NaN,NaN,NaN,NaN,NaN
2022.04.11T14:50:00.000,1.067,1.067,1.039,1.039,1486900,1.057667,1.064400,1.062000,1.059100,0.000184
2022.04.11T14:51:00.000,1.067,1.067,1.039,1.039,1486900,NaN,NaN,NaN,NaN,NaN
2022.04.11T15:00:00.000,1.067,1.067,1.039,1.039,1486900,NaN,NaN,NaN,NaN,NaN
2022.04.12T14:50:00.000,1.039,1.08,1.036,1.07,1992600,1.060000,1.063400,1.065750,1.061600,0.000170
2022.04.12T14:51:00.000,1.039,1.08,1.036,1.07,1992600,NaN,NaN,NaN,NaN,NaN
2022.04.12T15:00:00.000,1.039,1.08,1.036,1.07,1992600,NaN,NaN,NaN,NaN,NaN
2022.04.13T14:50:00.000,1.065,1.07,1.054,1.058,607000,1.055667,1.060200,1.064125,1.062400,0.000157
2022.04.13T14:51:00.000,1.065,1.07,1.054,1.058,607000,NaN,NaN,NaN,NaN,NaN
2022.04.13T15:00:00.000,1.065,1.07,1.054,1.058,607000,NaN,NaN,NaN,NaN,NaN
2022.04.14T14:50:00.000,1.06,1.075,1.06,1.069,1171600,1.065667,1.061400,1.064875,1.065300,0.000103
2022.04.14T14:51:00.000,1.06,1.075,1.06,1.069,1171600,NaN,NaN,NaN,NaN,NaN
2022.04.14T15:00:00.000,1.06,1.075,1.06,1.069,1171600,NaN,NaN,NaN,NaN,NaN
2022.04.15T14:50:00.000,1.064,1.072,1.056,1.059,1365800,1.062000,1.059000,1.062875,1.064100,0.000102
2022.04.15T14:51:00.000,1.064,1.072,1.056,1.059,1365800,NaN,NaN,NaN,NaN,NaN
2022.04.15T15:00:00.000,1.064,1.072,1.056,1.059,1365800,NaN,NaN,NaN,NaN,NaN
2022.04.18T14:50:00.000,1.059,1.059,1.027,1.034,2739100,1.054000,1.058000,1.057875,1.061200,0.000184
2022.04.18T14:51:00.000,1.059,1.059,1.027,1.034,2739100,NaN,NaN,NaN,NaN,NaN
2022.04.18T15:00:00.000,1.059,1.059,1.027,1.034,2739100,NaN,NaN,NaN,NaN,NaN
2022.04.19T14:50:00.000,1.037,1.039,1.023,1.027,1450100,1.040000,1.049400,1.053375,1.056400,0.000259
2022.04.19T14:51:00.000,1.037,1.039,1.023,1.027,1450100,NaN,NaN,NaN,NaN,NaN
2022.04.19T15:00:00.000,1.037,1.039,1.023,1.027,1450100,NaN,NaN,NaN,NaN,NaN
2022.04.20T14:50:00.000,1.028,1.028,1.009,1.014,3264800,1.025000,1.040600,1.046250,1.050400,0.000372
2022.04.20T14:51:00.000,1.028,1.028,1.009,1.014,3264800,NaN,NaN,NaN,NaN,NaN
2022.04.20T15:00:00.000,1.028,1.028,1.009,1.014,3264800,NaN,NaN,NaN,NaN,NaN
2022.04.21T14:50:00.000,1.014,1.028,1.004,1.008,1957300,1.016333,1.028400,1.042375,1.044900,0.000505
2022.04.21T14:51:00.000,1.014,1.028,1.004,1.008,1957300,NaN,NaN,NaN,NaN,NaN
2022.04.21T15:00:00.000,1.014,1.028,1.004,1.008,1957300,NaN,NaN,NaN,NaN,NaN
2022.04.22T14:50:00.000,1.003,1.016,1.003,1.008,1656900,1.010000,1.018200,1.034625,1.038600,0.000534
2022.04.22T14:51:00.000,1.003,1.016,1.003,1.008,1656900,NaN,NaN,NaN,NaN,NaN
2022.04.22T15:00:00.000,1.003,1.016,1.003,1.008,1656900,NaN,NaN,NaN,NaN,NaN
2022.04.25T14:50:00.000,1.003,1.007,0.972,0.975,3921500,0.997000,1.006400,1.024250,1.032200,0.000897
2022.04.25T14:51:00.000,1.003,1.007,0.972,0.975,3921500,NaN,NaN,NaN,NaN,NaN
2022.04.25T15:00:00.000,1.003,1.007,0.972,0.975,3921500,NaN,NaN,NaN,NaN,NaN
2022.04.26T14:50:00.000,0.976,0.992,0.92,0.93,4165500,0.971000,0.987000,1.006875,1.018200,0.001603
2022.04.26T14:51:00.000,0.976,0.992,0.92,0.93,4165500,NaN,NaN,NaN,NaN,NaN
2022.04.26T15:00:00.000,0.976,0.992,0.92,0.93,4165500,NaN,NaN,NaN,NaN,NaN
2022.04.27T14:50:00.000,0.904,0.937,0.904,0.93,5184400,0.945000,0.970200,0.990750,1.005400,0.002058
2022.04.27T14:51:00.000,0.904,0.937,0.904,0.93,5184400,NaN,NaN,NaN,NaN,NaN
2022.04.27T15:00:00.000,0.904,0.937,0.904,0.93,5184400,NaN,NaN,NaN,NaN,NaN
2022.04.28T14:50:00.000,0.93,0.93,0.901,0.912,3031200,0.924000,0.951000,0.975500,0.989700,0.002280
2022.04.28T14:51:00.000,0.93,0.93,0.901,0.912,3031200,NaN,NaN,NaN,NaN,NaN
2022.04.28T15:00:00.000,0.93,0.93,0.901,0.912,3031200,NaN,NaN,NaN,NaN,NaN
2022.04.29T14:50:00.000,0.941,0.954,0.922,0.948,5434900,0.930000,0.939000,0.965625,0.978600,0.001850
2022.04.29T14:51:00.000,0.941,0.954,0.922,0.948,5434900,NaN,NaN,NaN,NaN,NaN
2022.04.29T15:00:00.000,0.941,0.954,0.922,0.948,5434900,NaN,NaN,NaN,NaN,NaN
2022.05.05T14:50:00.000,0.937,0.946,0.929,0.936,2162100,0.932000,0.931200,0.955875,0.968800,0.001629
2022.05.05T14:51:00.000,0.937,0.946,0.929,0.936,2162100,NaN,NaN,NaN,NaN,NaN
2022.05.05T15:00:00.000,0.937,0.946,0.929,0.936,2162100,NaN,NaN,NaN,NaN,NaN
2022.05.06T14:50:00.000,0.929,0.929,0.911,0.913,1469600,0.932333,0.927800,0.944000,0.957400,0.001471
2022.05.06T14:51:00.000,0.929,0.929,0.911,0.913,1469600,NaN,NaN,NaN,NaN,NaN
2022.05.06T15:00:00.000,0.929,0.929,0.911,0.913,1469600,NaN,NaN,NaN,NaN,NaN
2022.05.09T14:50:00.000,0.908,0.919,0.908,0.915,773100,0.921333,0.924800,0.932375,0.947500,0.001233
2022.05.09T14:51:00.000,0.908,0.919,0.908,0.915,773100,NaN,NaN,NaN,NaN,NaN
2022.05.09T15:00:00.000,0.908,0.919,0.908,0.915,773100,NaN,NaN,NaN,NaN,NaN
2022.05.10T14:50:00.000,0.908,0.932,0.905,0.928,1516800,0.918667,0.928000,0.926500,0.939500,0.000841
2022.05.10T14:51:00.000,0.908,0.932,0.905,0.928,1516800,NaN,NaN,NaN,NaN,NaN
2022.05.10T15:00:00.000,0.908,0.932,0.905,0.928,1516800,NaN,NaN,NaN,NaN,NaN
2022.05.11T14:50:00.000,0.927,0.948,0.924,0.934,2443200,0.925667,0.925200,0.927000,0.932100,0.000320
2022.05.11T14:51:00.000,0.927,0.948,0.924,0.934,2443200,NaN,NaN,NaN,NaN,NaN
2022.05.11T15:00:00.000,0.927,0.948,0.924,0.934,2443200,NaN,NaN,NaN,NaN,NaN
2022.05.12T14:50:00.000,0.924,0.94,0.924,0.931,1654000,0.931000,0.924200,0.927125,0.927700,0.000117
2022.05.12T14:51:00.000,0.924,0.94,0.924,0.931,1654000,NaN,NaN,NaN,NaN,NaN
2022.05.12T15:00:00.000,0.924,0.94,0.924,0.931,1654000,NaN,NaN,NaN,NaN,NaN
2022.05.13T14:50:00.000,0.935,0.943,0.931,0.937,1423000,0.934000,0.929000,0.930250,0.928400,0.000124
2022.05.13T14:51:00.000,0.935,0.943,0.931,0.937,1423000,NaN,NaN,NaN,NaN,NaN
2022.05.13T15:00:00.000,0.935,0.943,0.931,0.937,1423000,NaN,NaN,NaN,NaN,NaN
2022.05.16T14:50:00.000,0.939,0.943,0.927,0.929,795000,0.932333,0.931800,0.927875,0.928300,0.000124
2022.05.16T14:51:00.000,0.939,0.943,0.927,0.929,795000,NaN,NaN,NaN,NaN,NaN
2022.05.16T15:00:00.000,0.939,0.943,0.927,0.929,795000,NaN,NaN,NaN,NaN,NaN
2022.05.17T14:50:00.000,0.926,0.936,0.924,0.934,780200,0.933333,0.933000,0.927625,0.930500,0.000096
2022.05.17T14:51:00.000,0.926,0.936,0.924,0.934,780200,NaN,NaN,NaN,NaN,NaN
2022.05.17T15:00:00.000,0.926,0.936,0.924,0.934,780200,NaN,NaN,NaN,NaN,NaN
2022.05.18T14:50:00.000,0.934,0.942,0.93,0.936,1420400,0.933000,0.933400,0.930500,0.929300,0.000067
2022.05.18T14:51:00.000,0.934,0.942,0.93,0.936,1420400,NaN,NaN,NaN,NaN,NaN
2022.05.18T15:00:00.000,0.934,0.942,0.93,0.936,1420400,NaN,NaN,NaN,NaN,NaN
2022.05.19T14:50:00.000,0.931,0.935,0.897,0.935,1075400,0.935000,0.934200,0.933000,0.929200,0.000066
2022.05.19T14:51:00.000,0.931,0.935,0.897,0.935,1075400,NaN,NaN,NaN,NaN,NaN
2022.05.19T15:00:00.000,0.931,0.935,0.897,0.935,1075400,NaN,NaN,NaN,NaN,NaN
2022.05.20T14:50:00.000,0.94,0.952,0.94,0.949,1895700,0.940000,0.936600,0.935625,0.932800,0.000066
2022.05.20T14:51:00.000,0.94,0.952,0.94,0.949,1895700,NaN,NaN,NaN,NaN,NaN
2022.05.20T15:00:00.000,0.94,0.952,0.94,0.949,1895700,NaN,NaN,NaN,NaN,NaN
2022.05.23T14:50:00.000,0.947,0.955,0.942,0.951,1409300,0.945000,0.941000,0.937750,0.936400,0.000054
2022.05.23T14:51:00.000,0.947,0.955,0.942,0.951,1409300,NaN,NaN,NaN,NaN,NaN
2022.05.23T15:00:00.000,0.947,0.955,0.942,0.951,1409300,NaN,NaN,NaN,NaN,NaN
2022.05.24T14:50:00.000,0.952,0.958,0.927,0.927,1873900,0.942333,0.939600,0.937250,0.936300,0.000056
2022.05.24T14:51:00.000,0.952,0.958,0.927,0.927,1873900,NaN,NaN,NaN,NaN,NaN
2022.05.24T15:00:00.000,0.952,0.958,0.927,0.927,1873900,NaN,NaN,NaN,NaN,NaN
2022.05.25T14:50:00.000,0.928,0.934,0.927,0.932,996500,0.936667,0.938800,0.936625,0.936100,0.000057
2022.05.25T14:51:00.000,0.928,0.934,0.927,0.932,996500,NaN,NaN,NaN,NaN,NaN
2022.05.25T15:00:00.000,0.928,0.934,0.927,0.932,996500,NaN,NaN,NaN,NaN,NaN
2022.05.26T14:50:00.000,0.932,0.958,0.925,0.945,1683400,0.934667,0.940800,0.938625,0.937500,0.000060
2022.05.26T14:51:00.000,0.932,0.958,0.925,0.945,1683400,NaN,NaN,NaN,NaN,NaN
2022.05.26T15:00:00.000,0.932,0.958,0.925,0.945,1683400,NaN,NaN,NaN,NaN,NaN
2022.05.27T14:50:00.000,0.95,0.954,0.939,0.945,1654900,0.940667,0.940000,0.940000,0.938300,0.000065
2022.05.27T14:51:00.000,0.95,0.954,0.939,0.945,1654900,NaN,NaN,NaN,NaN,NaN
2022.05.27T15:00:00.000,0.95,0.954,0.939,0.945,1654900,NaN,NaN,NaN,NaN,NaN
2022.05.30T14:50:00.000,0.945,0.947,0.936,0.94,985800,0.943333,0.937800,0.940500,0.939400,0.000056
2022.05.30T14:51:00.000,0.945,0.947,0.936,0.94,985800,NaN,NaN,NaN,NaN,NaN
2022.05.30T15:00:00.000,0.945,0.947,0.936,0.94,985800,NaN,NaN,NaN,NaN,NaN
2022.05.31T14:50:00.000,0.942,0.953,0.94,0.951,2117700,0.945333,0.942600,0.942500,0.941100,0.000063
2022.05.31T14:51:00.000,0.942,0.953,0.94,0.951,2117700,NaN,NaN,NaN,NaN,NaN
2022.05.31T15:00:00.000,0.942,0.953,0.94,0.951,2117700,NaN,NaN,NaN,NaN,NaN
2022.06.01T14:50:00.000,0.946,0.955,0.941,0.948,919900,0.946333,0.945800,0.942375,0.942300,0.000064
2022.06.01T14:51:00.000,0.946,0.955,0.941,0.948,919900,NaN,NaN,NaN,NaN,NaN
2022.06.01T15:00:00.000,0.946,0.955,0.941,0.948,919900,NaN,NaN,NaN,NaN,NaN
2022.06.02T14:50:00.000,0.948,0.958,0.941,0.954,1754000,0.951000,0.947600,0.942750,0.944200,0.000069
2022.06.02T14:51:00.000,0.948,0.958,0.941,0.954,1754000,NaN,NaN,NaN,NaN,NaN
2022.06.02T15:00:00.000,0.948,0.958,0.941,0.954,1754000,NaN,NaN,NaN,NaN,NaN
2022.06.06T14:50:00.000,0.953,0.973,0.949,0.97,3065100,0.957333,0.952600,0.948125,0.946300,0.000129
2022.06.06T14:51:00.000,0.953,0.973,0.949,0.97,3065100,NaN,NaN,NaN,NaN,NaN
2022.06.06T15:00:00.000,0.953,0.973,0.949,0.97,3065100,NaN,NaN,NaN,NaN,NaN
2022.06.07T14:50:00.000,0.974,0.991,0.971,0.974,4963800,0.966000,0.959400,0.953375,0.948600,0.000198
2022.06.07T14:51:00.000,0.974,0.991,0.971,0.974,4963800,NaN,NaN,NaN,NaN,NaN
2022.06.07T15:00:00.000,0.974,0.991,0.971,0.974,4963800,NaN,NaN,NaN,NaN,NaN
2022.06.08T14:50:00.000,0.976,0.994,0.972,0.988,4171000,0.977333,0.966800,0.958750,0.954700,0.000269
2022.06.08T14:51:00.000,0.976,0.994,0.972,0.988,4171000,NaN,NaN,NaN,NaN,NaN
2022.06.08T15:00:00.000,0.976,0.994,0.972,0.988,4171000,NaN,NaN,NaN,NaN,NaN
2022.06.09T14:50:00.000,0.992,1.019,0.99,0.994,3165100,0.985333,0.976000,0.964875,0.960900,0.000334
2022.06.09T14:51:00.000,0.992,1.019,0.99,0.994,3165100,NaN,NaN,NaN,NaN,NaN
2022.06.09T15:00:00.000,0.992,1.019,0.99,0.994,3165100,NaN,NaN,NaN,NaN,NaN
2022.06.10T14:50:00.000,0.983,1.028,0.982,1.023,5425500,1.001667,0.989800,0.975250,0.968700,0.000633
2022.06.10T14:51:00.000,0.983,1.028,0.982,1.023,5425500,NaN,NaN,NaN,NaN,NaN
2022.06.10T15:00:00.000,0.983,1.028,0.982,1.023,5425500,NaN,NaN,NaN,NaN,NaN
2022.06.13T14:50:00.000,1.019,1.027,1.002,1.014,4742100,1.010333,0.998600,0.983125,0.975600,0.000735
2022.06.13T14:51:00.000,1.019,1.027,1.002,1.014,4742100,NaN,NaN,NaN,NaN,NaN
2022.06.13T15:00:00.000,1.019,1.027,1.002,1.014,4742100,NaN,NaN,NaN,NaN,NaN
2022.06.14T14:50:00.000,1.009,1.115,0.994,1.069,5704700,1.035333,1.017600,0.998250,0.988500,0.001314
2022.06.14T14:51:00.000,1.009,1.115,0.994,1.069,5704700,NaN,NaN,NaN,NaN,NaN
2022.06.14T15:00:00.000,1.009,1.115,0.994,1.069,5704700,NaN,NaN,NaN,NaN,NaN
2022.06.15T14:50:00.000,1.12,1.148,1.051,1.116,13820100,1.066333,1.043200,1.018500,1.005000,0.002527
2022.06.15T14:51:00.000,1.12,1.148,1.051,1.116,13820100,NaN,NaN,NaN,NaN,NaN
2022.06.15T15:00:00.000,1.12,1.148,1.051,1.116,13820100,NaN,NaN,NaN,NaN,NaN
2022.06.16T14:50:00.000,1.095,1.098,1.054,1.055,9949600,1.080000,1.055400,1.029125,1.015700,0.002337
2022.06.16T14:51:00.000,1.095,1.098,1.054,1.055,9949600,NaN,NaN,NaN,NaN,NaN
2022.06.16T15:00:00.000,1.095,1.098,1.054,1.055,9949600,NaN,NaN,NaN,NaN,NaN
2022.06.17T14:50:00.000,1.037,1.065,1.028,1.051,6941500,1.074000,1.061000,1.038750,1.025400,0.001987
2022.06.17T14:51:00.000,1.037,1.065,1.028,1.051,6941500,NaN,NaN,NaN,NaN,NaN
2022.06.17T15:00:00.000,1.037,1.065,1.028,1.051,6941500,NaN,NaN,NaN,NaN,NaN
2022.06.20T14:50:00.000,1.042,1.059,1.037,1.042,3829800,1.049333,1.066600,1.045500,1.032600,0.001656
2022.06.20T14:51:00.000,1.042,1.059,1.037,1.042,3829800,NaN,NaN,NaN,NaN,NaN
2022.06.20T15:00:00.000,1.042,1.059,1.037,1.042,3829800,NaN,NaN,NaN,NaN,NaN
2022.06.21T14:50:00.000,1.034,1.049,1.031,1.042,3432000,1.045000,1.061200,1.051500,1.039400,0.001275
2022.06.21T14:51:00.000,1.034,1.049,1.031,1.042,3432000,NaN,NaN,NaN,NaN,NaN
2022.06.21T15:00:00.000,1.034,1.049,1.031,1.042,3432000,NaN,NaN,NaN,NaN,NaN
2022.06.22T14:50:00.000,1.042,1.05,1.027,1.028,2823400,1.037333,1.043600,1.052125,1.043400,0.001008
2022.06.22T14:51:00.000,1.042,1.05,1.027,1.028,2823400,NaN,NaN,NaN,NaN,NaN
2022.06.22T15:00:00.000,1.042,1.05,1.027,1.028,2823400,NaN,NaN,NaN,NaN,NaN
2022.06.23T14:50:00.000,1.027,1.07,1.026,1.059,6020700,1.043000,1.044400,1.057750,1.049900,0.000746
2022.06.23T14:51:00.000,1.027,1.07,1.026,1.059,6020700,NaN,NaN,NaN,NaN,NaN
2022.06.23T15:00:00.000,1.027,1.07,1.026,1.059,6020700,NaN,NaN,NaN,NaN,NaN
2022.06.24T14:50:00.000,1.063,1.066,1.052,1.06,4777200,1.049000,1.046200,1.056625,1.053600,0.000670
2022.06.24T14:51:00.000,1.063,1.066,1.052,1.06,4777200,NaN,NaN,NaN,NaN,NaN
2022.06.24T15:00:00.000,1.063,1.066,1.052,1.06,4777200,NaN,NaN,NaN,NaN,NaN
2022.06.27T14:50:00.000,1.065,1.069,1.055,1.059,3865100,1.059333,1.049600,1.049500,1.058100,0.000496
2022.06.27T14:51:00.000,1.065,1.069,1.055,1.059,3865100,NaN,NaN,NaN,NaN,NaN
2022.06.27T15:00:00.000,1.065,1.069,1.055,1.059,3865100,NaN,NaN,NaN,NaN,NaN
2022.06.28T14:50:00.000,1.054,1.068,1.044,1.063,2785900,1.060667,1.053800,1.050500,1.057500,0.000486
2022.06.28T14:51:00.000,1.054,1.068,1.044,1.063,2785900,NaN,NaN,NaN,NaN,NaN
2022.06.28T15:00:00.000,1.054,1.068,1.044,1.063,2785900,NaN,NaN,NaN,NaN,NaN
2022.06.29T14:50:00.000,1.081,1.081,1.045,1.047,4131900,1.056333,1.057600,1.050000,1.050600,0.000107
2022.06.29T14:51:00.000,1.081,1.081,1.045,1.047,4131900,NaN,NaN,NaN,NaN,NaN
2022.06.29T15:00:00.000,1.081,1.081,1.045,1.047,4131900,NaN,NaN,NaN,NaN,NaN
2022.06.30T14:50:00.000,1.046,1.062,1.046,1.055,2813700,1.055000,1.056800,1.051625,1.050600,0.000107
2022.06.30T14:51:00.000,1.046,1.062,1.046,1.055,2813700,NaN,NaN,NaN,NaN,NaN
2022.06.30T15:00:00.000,1.046,1.062,1.046,1.055,2813700,NaN,NaN,NaN,NaN,NaN
2022.07.01T14:50:00.000,1.059,1.059,1.036,1.041,3613200,1.047667,1.053000,1.051500,1.049600,0.000116
2022.07.01T14:51:00.000,1.059,1.059,1.036,1.041,3613200,NaN,NaN,NaN,NaN,NaN
2022.07.01T15:00:00.000,1.059,1.059,1.036,1.041,3613200,NaN,NaN,NaN,NaN,NaN
2022.07.04T14:50:00.000,1.04,1.05,1.029,1.041,1981200,1.045667,1.049400,1.053125,1.049500,0.000117
2022.07.04T14:51:00.000,1.04,1.05,1.029,1.041,1981200,NaN,NaN,NaN,NaN,NaN
2022.07.04T15:00:00.000,1.04,1.05,1.029,1.041,1981200,NaN,NaN,NaN,NaN,NaN
2022.07.05T14:50:00.000,1.041,1.047,1.022,1.03,2196100,1.037333,1.042800,1.049500,1.048300,0.000148
2022.07.05T14:51:00.000,1.041,1.047,1.022,1.03,2196100,NaN,NaN,NaN,NaN,NaN
2022.07.05T15:00:00.000,1.041,1.047,1.022,1.03,2196100,NaN,NaN,NaN,NaN,NaN
2022.07.06T14:50:00.000,1.028,1.031,1.018,1.021,1932000,1.030667,1.037600,1.044625,1.047600,0.000181
2022.07.06T14:51:00.000,1.028,1.031,1.018,1.021,1932000,NaN,NaN,NaN,NaN,NaN
2022.07.06T15:00:00.000,1.028,1.031,1.018,1.021,1932000,NaN,NaN,NaN,NaN,NaN
2022.07.07T14:50:00.000,1.021,1.027,1.018,1.021,1716800,1.024000,1.030800,1.039875,1.043800,0.000224
2022.07.07T14:51:00.000,1.021,1.027,1.018,1.021,1716800,NaN,NaN,NaN,NaN,NaN
2022.07.07T15:00:00.000,1.021,1.027,1.018,1.021,1716800,NaN,NaN,NaN,NaN,NaN
2022.07.08T14:50:00.000,1.021,1.027,1.015,1.015,1811700,1.019000,1.025600,1.033875,1.039300,0.000261
2022.07.08T14:51:00.000,1.021,1.027,1.015,1.015,1811700,NaN,NaN,NaN,NaN,NaN
2022.07.08T15:00:00.000,1.021,1.027,1.015,1.015,1811700,NaN,NaN,NaN,NaN,NaN
2022.07.11T14:50:00.000,1.015,1.018,1.005,1.005,1642900,1.013667,1.018400,1.028625,1.033900,0.000310
2022.07.11T14:51:00.000,1.015,1.018,1.005,1.005,1642900,NaN,NaN,NaN,NaN,NaN
2022.07.11T15:00:00.000,1.015,1.018,1.005,1.005,1642900,NaN,NaN,NaN,NaN,NaN
2022.07.12T14:50:00.000,1.008,1.02,1.003,1.014,2218000,1.011333,1.015200,1.023500,1.029000,0.000241
2022.07.12T14:51:00.000,1.008,1.02,1.003,1.014,2218000,NaN,NaN,NaN,NaN,NaN
2022.07.12T15:00:00.000,1.008,1.02,1.003,1.014,2218000,NaN,NaN,NaN,NaN,NaN
2022.07.13T14:50:00.000,1.014,1.015,1.005,1.009,1372900,1.009333,1.012800,1.019500,1.025200,0.000235
2022.07.13T14:51:00.000,1.014,1.015,1.005,1.009,1372900,NaN,NaN,NaN,NaN,NaN
2022.07.13T15:00:00.000,1.014,1.015,1.005,1.009,1372900,NaN,NaN,NaN,NaN,NaN
2022.07.14T14:50:00.000,1.006,1.009,0.999,1.003,1668500,1.008667,1.009200,1.014750,1.020000,0.000168
2022.07.14T14:51:00.000,1.006,1.009,0.999,1.003,1668500,NaN,NaN,NaN,NaN,NaN
2022.07.14T15:00:00.000,1.006,1.009,0.999,1.003,1668500,NaN,NaN,NaN,NaN,NaN
2022.07.15T14:50:00.000,1,1.002,0.982,0.982,2296900,0.998000,1.002600,1.008750,1.014100,0.000233
2022.07.15T14:51:00.000,1,1.002,0.982,0.982,2296900,NaN,NaN,NaN,NaN,NaN
2022.07.15T15:00:00.000,1,1.002,0.982,0.982,2296900,NaN,NaN,NaN,NaN,NaN
2022.07.18T14:50:00.000,0.982,0.999,0.982,0.995,1141800,0.993333,1.000600,1.005500,1.009500,0.000176
2022.07.18T14:51:00.000,0.982,0.999,0.982,0.995,1141800,NaN,NaN,NaN,NaN,NaN
2022.07.18T15:00:00.000,0.982,0.999,0.982,0.995,1141800,NaN,NaN,NaN,NaN,NaN
2022.07.19T14:50:00.000,0.996,1.007,0.99,1.002,876100,0.993000,0.998200,1.003125,1.006700,0.000132
2022.07.19T14:51:00.000,0.996,1.007,0.99,1.002,876100,NaN,NaN,NaN,NaN,NaN
2022.07.19T15:00:00.000,0.996,1.007,0.99,1.002,876100,NaN,NaN,NaN,NaN,NaN
2022.07.20T14:50:00.000,1.002,1.009,0.999,1.002,840100,0.999667,0.996800,1.001500,1.004800,0.000110
2022.07.20T14:51:00.000,1.002,1.009,0.999,1.002,840100,NaN,NaN,NaN,NaN,NaN
2022.07.20T15:00:00.000,1.002,1.009,0.999,1.002,840100,NaN,NaN,NaN,NaN,NaN
2022.07.21T14:50:00.000,1.001,1.003,0.993,0.994,1131500,0.999333,0.995000,1.000125,1.002100,0.000088
2022.07.21T14:51:00.000,1.001,1.003,0.993,0.994,1131500,NaN,NaN,NaN,NaN,NaN
2022.07.21T15:00:00.000,1.001,1.003,0.993,0.994,1131500,NaN,NaN,NaN,NaN,NaN
2022.07.22T14:50:00.000,0.999,1.008,0.99,0.997,1377300,0.997667,0.998000,0.998000,1.000300,0.000071
2022.07.22T14:51:00.000,0.999,1.008,0.99,0.997,1377300,NaN,NaN,NaN,NaN,NaN
2022.07.22T15:00:00.000,0.999,1.008,0.99,0.997,1377300,NaN,NaN,NaN,NaN,NaN
2022.07.25T14:50:00.000,0.998,0.998,0.986,0.988,663100,0.993000,0.996600,0.995375,0.998600,0.000081
2022.07.25T14:51:00.000,0.998,0.998,0.986,0.988,663100,NaN,NaN,NaN,NaN,NaN
2022.07.25T15:00:00.000,0.998,0.998,0.986,0.988,663100,NaN,NaN,NaN,NaN,NaN
2022.07.26T14:50:00.000,0.988,0.996,0.988,0.992,669700,0.992333,0.994600,0.994000,0.996400,0.000057
2022.07.26T14:51:00.000,0.988,0.996,0.988,0.992,669700,NaN,NaN,NaN,NaN,NaN
2022.07.26T15:00:00.000,0.988,0.996,0.988,0.992,669700,NaN,NaN,NaN,NaN,NaN
2022.07.27T14:50:00.000,0.993,0.994,0.987,0.99,405400,0.990000,0.992200,0.995000,0.994500,0.000042
2022.07.27T14:51:00.000,0.993,0.994,0.987,0.99,405400,NaN,NaN,NaN,NaN,NaN
2022.07.27T15:00:00.000,0.993,0.994,0.987,0.99,405400,NaN,NaN,NaN,NaN,NaN
2022.07.28T14:50:00.000,0.998,1.008,0.995,0.999,1481900,0.993667,0.993200,0.995500,0.994100,0.000036
2022.07.28T14:51:00.000,0.998,1.008,0.995,0.999,1481900,NaN,NaN,NaN,NaN,NaN
2022.07.28T15:00:00.000,0.998,1.008,0.995,0.999,1481900,NaN,NaN,NaN,NaN,NaN
2022.07.29T14:50:00.000,0.999,1.006,0.989,0.991,1845600,0.993333,0.992000,0.994125,0.995000,0.000022
2022.07.29T14:51:00.000,0.999,1.006,0.989,0.991,1845600,NaN,NaN,NaN,NaN,NaN
2022.07.29T15:00:00.000,0.999,1.006,0.989,0.991,1845600,NaN,NaN,NaN,NaN,NaN
2022.08.01T14:50:00.000,0.986,0.988,0.98,0.984,828500,0.991333,0.991200,0.991875,0.993900,0.000033
2022.08.01T14:51:00.000,0.986,0.988,0.98,0.984,828500,NaN,NaN,NaN,NaN,NaN
2022.08.01T15:00:00.000,0.986,0.988,0.98,0.984,828500,NaN,NaN,NaN,NaN,NaN
2022.08.02T14:50:00.000,0.979,0.989,0.904,0.958,1624200,0.977667,0.984400,0.987375,0.989500,0.000136
2022.08.02T14:51:00.000,0.979,0.989,0.904,0.958,1624200,NaN,NaN,NaN,NaN,NaN
2022.08.02T15:00:00.000,0.979,0.989,0.904,0.958,1624200,NaN,NaN,NaN,NaN,NaN
2022.08.03T14:50:00.000,0.962,0.967,0.951,0.953,726300,0.965000,0.977000,0.981875,0.984600,0.000229
2022.08.03T14:51:00.000,0.962,0.967,0.951,0.953,726300,NaN,NaN,NaN,NaN,NaN
2022.08.03T15:00:00.000,0.962,0.967,0.951,0.953,726300,NaN,NaN,NaN,NaN,NaN
2022.08.04T14:50:00.000,0.954,0.966,0.954,0.962,1131200,0.957667,0.969600,0.978625,0.981400,0.000261
2022.08.04T14:51:00.000,0.954,0.966,0.954,0.962,1131200,NaN,NaN,NaN,NaN,NaN
2022.08.04T15:00:00.000,0.954,0.966,0.954,0.962,1131200,NaN,NaN,NaN,NaN,NaN
2022.08.05T14:50:00.000,0.958,0.983,0.958,0.982,2377800,0.965667,0.967800,0.977375,0.979900,0.000235
2022.08.05T14:51:00.000,0.958,0.983,0.958,0.982,2377800,NaN,NaN,NaN,NaN,NaN
2022.08.05T15:00:00.000,0.958,0.983,0.958,0.982,2377800,NaN,NaN,NaN,NaN,NaN
2022.08.08T14:50:00.000,0.977,0.985,0.977,0.984,2196600,0.976000,0.967800,0.976625,0.979500,0.000230
2022.08.08T14:51:00.000,0.977,0.985,0.977,0.984,2196600,NaN,NaN,NaN,NaN,NaN
2022.08.08T15:00:00.000,0.977,0.985,0.977,0.984,2196600,NaN,NaN,NaN,NaN,NaN
2022.08.09T14:50:00.000,0.986,0.987,0.978,0.979,1346800,0.981667,0.972000,0.974125,0.978200,0.000212
2022.08.09T14:51:00.000,0.986,0.987,0.978,0.979,1346800,NaN,NaN,NaN,NaN,NaN
2022.08.09T15:00:00.000,0.986,0.987,0.978,0.979,1346800,NaN,NaN,NaN,NaN,NaN
2022.08.10T14:50:00.000,0.984,0.99,0.975,0.979,1275600,0.980667,0.977200,0.972625,0.977100,0.000197
2022.08.10T14:51:00.000,0.984,0.99,0.975,0.979,1275600,NaN,NaN,NaN,NaN,NaN
2022.08.10T15:00:00.000,0.984,0.99,0.975,0.979,1275600,NaN,NaN,NaN,NaN,NaN
2022.08.11T14:50:00.000,0.987,1.025,0.964,1.022,4695900,0.993333,0.989200,0.977375,0.979400,0.000346
2022.08.11T14:51:00.000,0.987,1.025,0.964,1.022,4695900,NaN,NaN,NaN,NaN,NaN
2022.08.11T15:00:00.000,0.987,1.025,0.964,1.022,4695900,NaN,NaN,NaN,NaN,NaN
2022.08.12T14:50:00.000,1.02,1.028,1.01,1.021,2562900,1.007333,0.997000,0.985250,0.982400,0.000496
2022.08.12T14:51:00.000,1.02,1.028,1.01,1.021,2562900,NaN,NaN,NaN,NaN,NaN
2022.08.12T15:00:00.000,1.02,1.028,1.01,1.021,2562900,NaN,NaN,NaN,NaN,NaN
2022.08.15T14:50:00.000,1.021,1.023,1.011,1.012,1119500,1.018333,1.002600,0.992625,0.985200,0.000576
2022.08.15T14:51:00.000,1.021,1.023,1.011,1.012,1119500,NaN,NaN,NaN,NaN,NaN
2022.08.15T15:00:00.000,1.021,1.023,1.011,1.012,1119500,NaN,NaN,NaN,NaN,NaN
2022.08.16T14:50:00.000,1.015,1.02,1.009,1.011,1053800,1.014667,1.009000,0.998750,0.990500,0.000540
2022.08.16T14:51:00.000,1.015,1.02,1.009,1.011,1053800,NaN,NaN,NaN,NaN,NaN
2022.08.16T15:00:00.000,1.015,1.02,1.009,1.011,1053800,NaN,NaN,NaN,NaN,NaN
2022.08.17T14:50:00.000,1.01,1.031,1.008,1.027,1840700,1.016667,1.018600,1.004375,0.997900,0.000478
2022.08.17T14:51:00.000,1.01,1.031,1.008,1.027,1840700,NaN,NaN,NaN,NaN,NaN
2022.08.17T15:00:00.000,1.01,1.031,1.008,1.027,1840700,NaN,NaN,NaN,NaN,NaN
2022.08.18T14:50:00.000,1.023,1.026,1.017,1.02,1216700,1.019333,1.018200,1.008875,1.003700,0.000364
2022.08.18T14:51:00.000,1.023,1.026,1.017,1.02,1216700,NaN,NaN,NaN,NaN,NaN
2022.08.18T15:00:00.000,1.023,1.026,1.017,1.02,1216700,NaN,NaN,NaN,NaN,NaN
2022.08.19T14:50:00.000,1.02,1.028,1.016,1.017,1492800,1.021333,1.017400,1.013625,1.007200,0.000323
2022.08.19T14:51:00.000,1.02,1.028,1.016,1.017,1492800,NaN,NaN,NaN,NaN,NaN
2022.08.19T15:00:00.000,1.02,1.028,1.016,1.017,1492800,NaN,NaN,NaN,NaN,NaN
2022.08.22T14:50:00.000,1.017,1.018,1.01,1.013,1396000,1.016667,1.017600,1.017875,1.010100,0.000264
2022.08.22T14:51:00.000,1.017,1.018,1.01,1.013,1396000,NaN,NaN,NaN,NaN,NaN
2022.08.22T15:00:00.000,1.017,1.018,1.01,1.013,1396000,NaN,NaN,NaN,NaN,NaN
2022.08.23T14:50:00.000,1.017,1.028,1.011,1.018,1570200,1.016000,1.019000,1.017375,1.014000,0.000158
2022.08.23T14:51:00.000,1.017,1.028,1.011,1.018,1570200,NaN,NaN,NaN,NaN,NaN
2022.08.23T15:00:00.000,1.017,1.028,1.011,1.018,1570200,NaN,NaN,NaN,NaN,NaN
2022.08.24T14:50:00.000,1.018,1.035,1.004,1.005,4435200,1.012000,1.014600,1.015375,1.016600,0.000037
2022.08.24T14:51:00.000,1.018,1.035,1.004,1.005,4435200,NaN,NaN,NaN,NaN,NaN
2022.08.24T15:00:00.000,1.018,1.035,1.004,1.005,4435200,NaN,NaN,NaN,NaN,NaN
2022.08.25T14:50:00.000,1.007,1.023,1.001,1.012,3323900,1.011667,1.013000,1.015375,1.015600,0.000035
2022.08.25T14:51:00.000,1.007,1.023,1.001,1.012,3323900,NaN,NaN,NaN,NaN,NaN
2022.08.25T15:00:00.000,1.007,1.023,1.001,1.012,3323900,NaN,NaN,NaN,NaN,NaN
2022.08.26T14:50:00.000,1.013,1.023,1.01,1.013,2869600,1.010000,1.012200,1.015625,1.014800,0.000032
2022.08.26T14:51:00.000,1.013,1.023,1.01,1.013,2869600,NaN,NaN,NaN,NaN,NaN
2022.08.26T15:00:00.000,1.013,1.023,1.01,1.013,2869600,NaN,NaN,NaN,NaN,NaN
2022.08.29T14:50:00.000,1.008,1.013,1.001,1.008,977300,1.011000,1.011200,1.013250,1.014400,0.000036
2022.08.29T14:51:00.000,1.008,1.013,1.001,1.008,977300,NaN,NaN,NaN,NaN,NaN
2022.08.29T15:00:00.000,1.008,1.013,1.001,1.008,977300,NaN,NaN,NaN,NaN,NaN
2022.08.30T14:50:00.000,1.012,1.019,1.003,1.012,1834900,1.011000,1.010000,1.012250,1.014500,0.000035
2022.08.30T14:51:00.000,1.012,1.019,1.003,1.012,1834900,NaN,NaN,NaN,NaN,NaN
2022.08.30T15:00:00.000,1.012,1.019,1.003,1.012,1834900,NaN,NaN,NaN,NaN,NaN
2022.08.31T14:50:00.000,1.01,1.025,1.008,1.019,5083800,1.013000,1.012800,1.012500,1.013700,0.000021
2022.08.31T14:51:00.000,1.01,1.025,1.008,1.019,5083800,NaN,NaN,NaN,NaN,NaN
2022.08.31T15:00:00.000,1.01,1.025,1.008,1.019,5083800,NaN,NaN,NaN,NaN,NaN
2022.09.01T14:50:00.000,1.019,1.019,1.005,1.006,1445900,1.012333,1.011600,1.011625,1.012300,0.000021
2022.09.01T14:51:00.000,1.019,1.019,1.005,1.006,1445900,NaN,NaN,NaN,NaN,NaN
2022.09.01T15:00:00.000,1.019,1.019,1.005,1.006,1445900,NaN,NaN,NaN,NaN,NaN
2022.09.02T14:50:00.000,1.005,1.015,0.999,1.005,1171600,1.010000,1.010000,1.010000,1.011100,0.000023
2022.09.02T14:51:00.000,1.005,1.015,0.999,1.005,1171600,NaN,NaN,NaN,NaN,NaN
2022.09.02T15:00:00.000,1.005,1.015,0.999,1.005,1171600,NaN,NaN,NaN,NaN,NaN
2022.09.05T14:50:00.000,1.008,1.01,1.002,1.01,1554300,1.007000,1.010400,1.010625,1.010800,0.000023
2022.09.05T14:51:00.000,1.008,1.01,1.002,1.01,1554300,NaN,NaN,NaN,NaN,NaN
2022.09.05T15:00:00.000,1.008,1.01,1.002,1.01,1554300,NaN,NaN,NaN,NaN,NaN
2022.09.06T14:50:00.000,1.014,1.021,1.011,1.018,2157200,1.011000,1.011600,1.011375,1.010800,0.000023
2022.09.06T14:51:00.000,1.014,1.021,1.011,1.018,2157200,NaN,NaN,NaN,NaN,NaN
2022.09.06T15:00:00.000,1.014,1.021,1.011,1.018,2157200,NaN,NaN,NaN,NaN,NaN
2022.09.07T14:50:00.000,1.018,1.018,1.01,1.013,1534000,1.013667,1.010400,1.011375,1.011600,0.000019
2022.09.07T14:51:00.000,1.018,1.018,1.01,1.013,1534000,NaN,NaN,NaN,NaN,NaN
2022.09.07T15:00:00.000,1.018,1.018,1.01,1.013,1534000,NaN,NaN,NaN,NaN,NaN
2022.09.08T14:50:00.000,1.016,1.019,1.007,1.007,938200,1.012667,1.010600,1.011250,1.011100,0.000021
2022.09.08T14:51:00.000,1.016,1.019,1.007,1.007,938200,NaN,NaN,NaN,NaN,NaN
2022.09.08T15:00:00.000,1.016,1.019,1.007,1.007,938200,NaN,NaN,NaN,NaN,NaN
2022.09.09T14:50:00.000,1.007,1.025,1.007,1.022,3319500,1.014000,1.014000,1.012500,1.012000,0.000032
2022.09.09T14:51:00.000,1.007,1.025,1.007,1.022,3319500,NaN,NaN,NaN,NaN,NaN
2022.09.09T15:00:00.000,1.007,1.025,1.007,1.022,3319500,NaN,NaN,NaN,NaN,NaN
2022.09.13T14:50:00.000,1.024,1.033,1.021,1.022,2112500,1.017000,1.016400,1.012875,1.013400,0.000038
2022.09.13T14:51:00.000,1.024,1.033,1.021,1.022,2112500,NaN,NaN,NaN,NaN,NaN
2022.09.13T15:00:00.000,1.024,1.033,1.021,1.022,2112500,NaN,NaN,NaN,NaN,NaN
2022.09.14T14:50:00.000,1.008,1.018,1.005,1.008,1252700,1.017333,1.014400,1.013125,1.013000,0.000041
2022.09.14T14:51:00.000,1.008,1.018,1.005,1.008,1252700,NaN,NaN,NaN,NaN,NaN
2022.09.14T15:00:00.000,1.008,1.018,1.005,1.008,1252700,NaN,NaN,NaN,NaN,NaN
2022.09.15T14:50:00.000,1.015,1.019,1.002,1.007,1153800,1.012333,1.013200,1.013375,1.011800,0.000039
2022.09.15T14:51:00.000,1.015,1.019,1.002,1.007,1153800,NaN,NaN,NaN,NaN,NaN
2022.09.15T15:00:00.000,1.015,1.019,1.002,1.007,1153800,NaN,NaN,NaN,NaN,NaN
2022.09.16T14:50:00.000,1.007,1.007,0.961,0.962,3501500,0.992333,1.004200,1.007375,1.007400,0.000264
2022.09.16T14:51:00.000,1.007,1.007,0.961,0.962,3501500,NaN,NaN,NaN,NaN,NaN
2022.09.16T15:00:00.000,1.007,1.007,0.961,0.962,3501500,NaN,NaN,NaN,NaN,NaN
2022.09.19T14:50:00.000,0.967,0.969,0.951,0.954,1940800,0.974333,0.990600,0.999375,1.002300,0.000523
2022.09.19T14:51:00.000,0.967,0.969,0.951,0.954,1940800,NaN,NaN,NaN,NaN,NaN
2022.09.19T15:00:00.000,0.967,0.969,0.951,0.954,1940800,NaN,NaN,NaN,NaN,NaN
2022.09.20T14:50:00.000,0.96,0.965,0.952,0.955,1973300,0.957000,0.977200,0.992125,0.996800,0.000711
2022.09.20T14:51:00.000,0.96,0.965,0.952,0.955,1973300,NaN,NaN,NaN,NaN,NaN
2022.09.20T15:00:00.000,0.96,0.965,0.952,0.955,1973300,NaN,NaN,NaN,NaN,NaN
2022.09.21T14:50:00.000,0.952,0.961,0.941,0.957,2173500,0.955333,0.967000,0.985875,0.990700,0.000787
2022.09.21T14:51:00.000,0.952,0.961,0.941,0.957,2173500,NaN,NaN,NaN,NaN,NaN
2022.09.21T15:00:00.000,0.952,0.961,0.941,0.957,2173500,NaN,NaN,NaN,NaN,NaN
2022.09.22T14:50:00.000,0.914,0.962,0.914,0.954,2537100,0.955333,0.956400,0.977375,0.984800,0.000837
2022.09.22T14:51:00.000,0.914,0.962,0.914,0.954,2537100,NaN,NaN,NaN,NaN,NaN
2022.09.22T15:00:00.000,0.914,0.962,0.914,0.954,2537100,NaN,NaN,NaN,NaN,NaN
2022.09.23T14:50:00.000,0.957,0.964,0.949,0.956,2119000,0.955667,0.955200,0.969125,0.979700,0.000845
2022.09.23T14:51:00.000,0.957,0.964,0.949,0.956,2119000,NaN,NaN,NaN,NaN,NaN
2022.09.23T15:00:00.000,0.957,0.964,0.949,0.956,2119000,NaN,NaN,NaN,NaN,NaN
2022.09.26T14:50:00.000,0.954,0.954,0.934,0.936,1885500,0.948667,0.951600,0.960125,0.971100,0.000783
2022.09.26T14:51:00.000,0.954,0.954,0.934,0.936,1885500,NaN,NaN,NaN,NaN,NaN
2022.09.26T15:00:00.000,0.954,0.954,0.934,0.936,1885500,NaN,NaN,NaN,NaN,NaN
2022.09.27T14:50:00.000,0.941,0.944,0.934,0.944,1300900,0.945333,0.949400,0.952250,0.963300,0.000536
2022.09.27T14:51:00.000,0.941,0.944,0.934,0.944,1300900,NaN,NaN,NaN,NaN,NaN
2022.09.27T15:00:00.000,0.941,0.944,0.934,0.944,1300900,NaN,NaN,NaN,NaN,NaN
2022.09.28T14:50:00.000,0.94,0.945,0.926,0.929,626100,0.936333,0.943800,0.948125,0.955400,0.000392
2022.09.28T14:51:00.000,0.94,0.945,0.926,0.929,626100,NaN,NaN,NaN,NaN,NaN
2022.09.28T15:00:00.000,0.94,0.945,0.926,0.929,626100,NaN,NaN,NaN,NaN,NaN
2022.09.29T14:50:00.000,0.934,0.94,0.911,0.917,1782500,0.930000,0.936400,0.943500,0.946400,0.000192
2022.09.29T14:51:00.000,0.934,0.94,0.911,0.917,1782500,NaN,NaN,NaN,NaN,NaN
2022.09.29T15:00:00.000,0.934,0.94,0.911,0.917,1782500,NaN,NaN,NaN,NaN,NaN
2022.09.30T14:50:00.000,0.918,0.925,0.914,0.914,1380500,0.920000,0.928000,0.938375,0.941600,0.000249
2022.09.30T14:51:00.000,0.918,0.925,0.914,0.914,1380500,NaN,NaN,NaN,NaN,NaN
2022.09.30T15:00:00.000,0.918,0.925,0.914,0.914,1380500,NaN,NaN,NaN,NaN,NaN
2022.10.10T14:50:00.000,0.914,0.92,0.904,0.907,815400,0.912667,0.922200,0.932125,0.936900,0.000332
2022.10.10T14:51:00.000,0.914,0.92,0.904,0.907,815400,NaN,NaN,NaN,NaN,NaN
2022.10.10T15:00:00.000,0.914,0.92,0.904,0.907,815400,NaN,NaN,NaN,NaN,NaN
2022.10.11T14:50:00.000,0.915,0.923,0.906,0.913,1002000,0.911333,0.916000,0.927000,0.932700,0.000338
2022.10.11T14:51:00.000,0.915,0.923,0.906,0.913,1002000,NaN,NaN,NaN,NaN,NaN
2022.10.11T15:00:00.000,0.915,0.923,0.906,0.913,1002000,NaN,NaN,NaN,NaN,NaN
2022.10.12T14:50:00.000,0.915,0.933,0.912,0.932,998900,0.917333,0.916600,0.924000,0.930200,0.000273
2022.10.12T14:51:00.000,0.915,0.933,0.912,0.932,998900,NaN,NaN,NaN,NaN,NaN
2022.10.12T15:00:00.000,0.915,0.933,0.912,0.932,998900,NaN,NaN,NaN,NaN,NaN
2022.10.13T14:50:00.000,0.926,0.935,0.923,0.927,617500,0.924000,0.918600,0.922875,0.927500,0.000210
2022.10.13T14:51:00.000,0.926,0.935,0.923,0.927,617500,NaN,NaN,NaN,NaN,NaN
2022.10.13T15:00:00.000,0.926,0.935,0.923,0.927,617500,NaN,NaN,NaN,NaN,NaN
2022.10.14T14:50:00.000,0.922,0.946,0.922,0.94,1050900,0.933000,0.923800,0.922375,0.925900,0.000142
2022.10.14T14:51:00.000,0.922,0.946,0.922,0.94,1050900,NaN,NaN,NaN,NaN,NaN
2022.10.14T15:00:00.000,0.922,0.946,0.922,0.94,1050900,NaN,NaN,NaN,NaN,NaN
2022.10.17T14:50:00.000,0.939,0.947,0.936,0.945,518800,0.937333,0.931400,0.924375,0.926800,0.000168
2022.10.17T14:51:00.000,0.939,0.947,0.936,0.945,518800,NaN,NaN,NaN,NaN,NaN
2022.10.17T15:00:00.000,0.939,0.947,0.936,0.945,518800,NaN,NaN,NaN,NaN,NaN
2022.10.18T14:50:00.000,0.95,0.951,0.941,0.944,1054000,0.943000,0.937600,0.927750,0.926800,0.000168
2022.10.18T14:51:00.000,0.95,0.951,0.941,0.944,1054000,NaN,NaN,NaN,NaN,NaN
2022.10.18T15:00:00.000,0.95,0.951,0.941,0.944,1054000,NaN,NaN,NaN,NaN,NaN
2022.10.19T14:50:00.000,0.94,0.947,0.934,0.935,858100,0.941333,0.938200,0.930375,0.927400,0.000173
2022.10.19T14:51:00.000,0.94,0.947,0.934,0.935,858100,NaN,NaN,NaN,NaN,NaN
2022.10.19T15:00:00.000,0.94,0.947,0.934,0.935,858100,NaN,NaN,NaN,NaN,NaN
2022.10.20T14:50:00.000,0.939,0.95,0.931,0.94,991200,0.939667,0.940800,0.934500,0.929700,0.000173
2022.10.20T14:51:00.000,0.939,0.95,0.931,0.94,991200,NaN,NaN,NaN,NaN,NaN
2022.10.20T15:00:00.000,0.939,0.95,0.931,0.94,991200,NaN,NaN,NaN,NaN,NaN
2022.10.21T14:50:00.000,0.948,0.964,0.942,0.943,1393200,0.939333,0.941400,0.938250,0.932600,0.000158
2022.10.21T14:51:00.000,0.948,0.964,0.942,0.943,1393200,NaN,NaN,NaN,NaN,NaN
2022.10.21T15:00:00.000,0.948,0.964,0.942,0.943,1393200,NaN,NaN,NaN,NaN,NaN
2022.10.24T14:50:00.000,0.948,0.966,0.923,0.925,2381200,0.936000,0.937400,0.937375,0.934400,0.000095
2022.10.24T14:51:00.000,0.948,0.966,0.923,0.925,2381200,NaN,NaN,NaN,NaN,NaN
2022.10.24T15:00:00.000,0.948,0.966,0.923,0.925,2381200,NaN,NaN,NaN,NaN,NaN
2022.10.25T14:50:00.000,0.925,0.935,0.908,0.918,2039700,0.928667,0.932200,0.936250,0.934900,0.000076
2022.10.25T14:51:00.000,0.925,0.935,0.908,0.918,2039700,NaN,NaN,NaN,NaN,NaN
2022.10.25T15:00:00.000,0.925,0.935,0.908,0.918,2039700,NaN,NaN,NaN,NaN,NaN
2022.10.26T14:50:00.000,0.92,0.942,0.918,0.928,2594000,0.923667,0.930800,0.934750,0.934500,0.000079
2022.10.26T14:51:00.000,0.92,0.942,0.918,0.928,2594000,NaN,NaN,NaN,NaN,NaN
2022.10.26T15:00:00.000,0.92,0.942,0.918,0.928,2594000,NaN,NaN,NaN,NaN,NaN
2022.10.27T14:50:00.000,0.93,0.941,0.929,0.93,1704100,0.925333,0.928800,0.932875,0.934800,0.000076
2022.10.27T14:51:00.000,0.93,0.941,0.929,0.93,1704100,NaN,NaN,NaN,NaN,NaN
2022.10.27T15:00:00.000,0.93,0.941,0.929,0.93,1704100,NaN,NaN,NaN,NaN,NaN
2022.10.28T14:50:00.000,0.925,0.935,0.91,0.914,2149600,0.924000,0.923000,0.929125,0.932200,0.000110
2022.10.28T14:51:00.000,0.925,0.935,0.91,0.914,2149600,NaN,NaN,NaN,NaN,NaN
2022.10.28T15:00:00.000,0.925,0.935,0.91,0.914,2149600,NaN,NaN,NaN,NaN,NaN
2022.10.31T14:50:00.000,0.91,0.927,0.909,0.916,1326100,0.920000,0.921200,0.926750,0.929300,0.000111
2022.10.31T14:51:00.000,0.91,0.927,0.909,0.916,1326100,NaN,NaN,NaN,NaN,NaN
2022.10.31T15:00:00.000,0.91,0.927,0.909,0.916,1326100,NaN,NaN,NaN,NaN,NaN
2022.11.01T14:50:00.000,0.921,0.943,0.921,0.943,2466000,0.924333,0.926200,0.927125,0.929200,0.000108
2022.11.01T14:51:00.000,0.921,0.943,0.921,0.943,2466000,NaN,NaN,NaN,NaN,NaN
2022.11.01T15:00:00.000,0.921,0.943,0.921,0.943,2466000,NaN,NaN,NaN,NaN,NaN
2022.11.02T14:50:00.000,0.943,0.949,0.936,0.945,1694000,0.934667,0.929600,0.927375,0.930200,0.000129
2022.11.02T14:51:00.000,0.943,0.949,0.936,0.945,1694000,NaN,NaN,NaN,NaN,NaN
2022.11.02T15:00:00.000,0.943,0.949,0.936,0.945,1694000,NaN,NaN,NaN,NaN,NaN
2022.11.03T14:50:00.000,0.943,0.944,0.933,0.938,871200,0.942000,0.931200,0.929000,0.930000,0.000125
2022.11.03T14:51:00.000,0.943,0.944,0.933,0.938,871200,NaN,NaN,NaN,NaN,NaN
2022.11.03T15:00:00.000,0.943,0.944,0.933,0.938,871200,NaN,NaN,NaN,NaN,NaN
2022.11.04T14:50:00.000,0.942,0.97,0.941,0.959,3139600,0.947333,0.940200,0.934125,0.931600,0.000190
2022.11.04T14:51:00.000,0.942,0.97,0.941,0.959,3139600,NaN,NaN,NaN,NaN,NaN
2022.11.04T15:00:00.000,0.942,0.97,0.941,0.959,3139600,NaN,NaN,NaN,NaN,NaN
2022.11.07T14:50:00.000,0.958,0.962,0.948,0.957,3666200,0.951333,0.948400,0.937750,0.934800,0.000240
2022.11.07T14:51:00.000,0.958,0.962,0.948,0.957,3666200,NaN,NaN,NaN,NaN,NaN
2022.11.07T15:00:00.000,0.958,0.962,0.948,0.957,3666200,NaN,NaN,NaN,NaN,NaN
2022.11.08T14:50:00.000,0.95,0.96,0.948,0.954,1059700,0.956667,0.950600,0.940750,0.938400,0.000235
2022.11.08T14:51:00.000,0.95,0.96,0.948,0.954,1059700,NaN,NaN,NaN,NaN,NaN
2022.11.08T15:00:00.000,0.95,0.96,0.948,0.954,1059700,NaN,NaN,NaN,NaN,NaN
2022.11.09T14:50:00.000,0.954,0.958,0.95,0.95,439400,0.953667,0.951600,0.945250,0.940600,0.000233
2022.11.09T14:51:00.000,0.954,0.958,0.95,0.95,439400,NaN,NaN,NaN,NaN,NaN
2022.11.09T15:00:00.000,0.954,0.958,0.95,0.95,439400,NaN,NaN,NaN,NaN,NaN
2022.11.10T14:50:00.000,0.946,0.962,0.945,0.956,826400,0.953333,0.955200,0.950250,0.943200,0.000239
2022.11.10T14:51:00.000,0.946,0.962,0.945,0.956,826400,NaN,NaN,NaN,NaN,NaN
2022.11.10T15:00:00.000,0.946,0.962,0.945,0.956,826400,NaN,NaN,NaN,NaN,NaN
2022.11.11T14:50:00.000,0.975,0.991,0.962,0.977,3725100,0.961000,0.958800,0.954500,0.949500,0.000228
2022.11.11T14:51:00.000,0.975,0.991,0.962,0.977,3725100,NaN,NaN,NaN,NaN,NaN
2022.11.11T15:00:00.000,0.975,0.991,0.962,0.977,3725100,NaN,NaN,NaN,NaN,NaN
2022.11.14T14:50:00.000,0.981,1.005,0.978,0.985,3025800,0.972667,0.964400,0.959500,0.956400,0.000194
2022.11.14T14:51:00.000,0.981,1.005,0.978,0.985,3025800,NaN,NaN,NaN,NaN,NaN
2022.11.14T15:00:00.000,0.981,1.005,0.978,0.985,3025800,NaN,NaN,NaN,NaN,NaN
2022.11.15T14:50:00.000,0.985,1.029,0.98,1.017,2814800,0.993000,0.977000,0.969375,0.963800,0.000489
2022.11.15T14:51:00.000,0.985,1.029,0.98,1.017,2814800,NaN,NaN,NaN,NaN,NaN
2022.11.15T15:00:00.000,0.985,1.029,0.98,1.017,2814800,NaN,NaN,NaN,NaN,NaN
2022.11.16T14:50:00.000,1.018,1.04,1,1.002,1401100,1.001333,0.987400,0.974750,0.969500,0.000567
2022.11.16T14:51:00.000,1.018,1.04,1,1.002,1401100,NaN,NaN,NaN,NaN,NaN
2022.11.16T15:00:00.000,1.018,1.04,1,1.002,1401100,NaN,NaN,NaN,NaN,NaN
2022.11.17T14:50:00.000,1.006,1.011,0.997,1.009,1872800,1.009333,0.998000,0.981250,0.976600,0.000573
2022.11.17T14:51:00.000,1.006,1.011,0.997,1.009,1872800,NaN,NaN,NaN,NaN,NaN
2022.11.17T15:00:00.000,1.006,1.011,0.997,1.009,1872800,NaN,NaN,NaN,NaN,NaN
2022.11.18T14:50:00.000,1.011,1.011,0.995,0.996,899700,1.002333,1.001800,0.986500,0.980300,0.000566
2022.11.18T14:51:00.000,1.011,1.011,0.995,0.996,899700,NaN,NaN,NaN,NaN,NaN
2022.11.18T15:00:00.000,1.011,1.011,0.995,0.996,899700,NaN,NaN,NaN,NaN,NaN
2022.11.21T14:50:00.000,0.995,0.995,0.973,0.978,1676100,0.994333,1.000400,0.990000,0.982400,0.000508
2022.11.21T14:51:00.000,0.995,0.995,0.973,0.978,1676100,NaN,NaN,NaN,NaN,NaN
2022.11.21T15:00:00.000,0.995,0.995,0.973,0.978,1676100,NaN,NaN,NaN,NaN,NaN
2022.11.22T14:50:00.000,0.981,0.99,0.974,0.982,1072600,0.985333,0.993400,0.993250,0.985200,0.000420
2022.11.22T14:51:00.000,0.981,0.99,0.974,0.982,1072600,NaN,NaN,NaN,NaN,NaN
2022.11.22T15:00:00.000,0.981,0.99,0.974,0.982,1072600,NaN,NaN,NaN,NaN,NaN
2022.11.23T14:50:00.000,0.981,0.988,0.975,0.981,1085000,0.980333,0.989200,0.993750,0.988300,0.000288
2022.11.23T14:51:00.000,0.981,0.988,0.975,0.981,1085000,NaN,NaN,NaN,NaN,NaN
2022.11.23T15:00:00.000,0.981,0.988,0.975,0.981,1085000,NaN,NaN,NaN,NaN,NaN
2022.11.24T14:50:00.000,0.988,0.988,0.976,0.978,889800,0.980333,0.983000,0.992875,0.990500,0.000189
2022.11.24T14:51:00.000,0.988,0.988,0.976,0.978,889800,NaN,NaN,NaN,NaN,NaN
2022.11.24T15:00:00.000,0.988,0.988,0.976,0.978,889800,NaN,NaN,NaN,NaN,NaN
2022.11.25T14:50:00.000,0.976,0.992,0.976,0.987,665600,0.982000,0.981200,0.989125,0.991500,0.000171
2022.11.25T14:51:00.000,0.976,0.992,0.976,0.987,665600,NaN,NaN,NaN,NaN,NaN
2022.11.25T15:00:00.000,0.976,0.992,0.976,0.987,665600,NaN,NaN,NaN,NaN,NaN
2022.11.28T14:50:00.000,0.982,0.982,0.955,0.973,954100,0.979333,0.980200,0.985500,0.990300,0.000200
2022.11.28T14:51:00.000,0.982,0.982,0.955,0.973,954100,NaN,NaN,NaN,NaN,NaN
2022.11.28T15:00:00.000,0.982,0.982,0.955,0.973,954100,NaN,NaN,NaN,NaN,NaN
2022.11.29T14:50:00.000,0.971,1.009,0.971,1.003,2975500,0.987667,0.984400,0.984750,0.988900,0.000143
2022.11.29T14:51:00.000,0.971,1.009,0.971,1.003,2975500,NaN,NaN,NaN,NaN,NaN
2022.11.29T15:00:00.000,0.971,1.009,0.971,1.003,2975500,NaN,NaN,NaN,NaN,NaN
2022.11.30T14:50:00.000,1.003,1.014,1.001,1.002,1923600,0.992667,0.988600,0.985500,0.988900,0.000143
2022.11.30T14:51:00.000,1.003,1.014,1.001,1.002,1923600,NaN,NaN,NaN,NaN,NaN
2022.11.30T15:00:00.000,1.003,1.014,1.001,1.002,1923600,NaN,NaN,NaN,NaN,NaN
2022.12.01T14:50:00.000,1.002,1.034,1.002,1.006,2859100,1.003667,0.994200,0.989000,0.988600,0.000132
2022.12.01T14:51:00.000,1.002,1.034,1.002,1.006,2859100,NaN,NaN,NaN,NaN,NaN
2022.12.01T15:00:00.000,1.002,1.034,1.002,1.006,2859100,NaN,NaN,NaN,NaN,NaN
2022.12.02T14:50:00.000,1.005,1.012,0.999,1.003,1527500,1.003667,0.997400,0.991625,0.989300,0.000146
2022.12.02T14:51:00.000,1.005,1.012,0.999,1.003,1527500,NaN,NaN,NaN,NaN,NaN
2022.12.02T15:00:00.000,1.005,1.012,0.999,1.003,1527500,NaN,NaN,NaN,NaN,NaN
2022.12.05T14:50:00.000,1.007,1.037,1.007,1.034,3510500,1.014333,1.009600,0.998250,0.994900,0.000302
2022.12.05T14:51:00.000,1.007,1.037,1.007,1.034,3510500,NaN,NaN,NaN,NaN,NaN
2022.12.05T15:00:00.000,1.007,1.037,1.007,1.034,3510500,NaN,NaN,NaN,NaN,NaN
2022.12.06T14:50:00.000,1.035,1.039,1.025,1.026,992700,1.021000,1.014200,1.004250,0.999300,0.000363
2022.12.06T14:51:00.000,1.035,1.039,1.025,1.026,992700,NaN,NaN,NaN,NaN,NaN
2022.12.06T15:00:00.000,1.035,1.039,1.025,1.026,992700,NaN,NaN,NaN,NaN,NaN
2022.12.07T14:50:00.000,1.025,1.029,1.012,1.018,1431100,1.026000,1.017400,1.008125,1.003000,0.000351
2022.12.07T14:51:00.000,1.025,1.029,1.012,1.018,1431100,NaN,NaN,NaN,NaN,NaN
2022.12.07T15:00:00.000,1.025,1.029,1.012,1.018,1431100,NaN,NaN,NaN,NaN,NaN
2022.12.08T14:50:00.000,1.019,1.02,1.011,1.018,917600,1.020667,1.019800,1.013750,1.007000,0.000295
2022.12.08T14:51:00.000,1.019,1.02,1.011,1.018,917600,NaN,NaN,NaN,NaN,NaN
2022.12.08T15:00:00.000,1.019,1.02,1.011,1.018,917600,NaN,NaN,NaN,NaN,NaN
2022.12.09T14:50:00.000,1.02,1.026,1.009,1.022,1121100,1.019333,1.023600,1.016125,1.010500,0.000265
2022.12.09T14:51:00.000,1.02,1.026,1.009,1.022,1121100,NaN,NaN,NaN,NaN,NaN
2022.12.09T15:00:00.000,1.02,1.026,1.009,1.022,1121100,NaN,NaN,NaN,NaN,NaN
2022.12.12T14:50:00.000,1.02,1.02,1,1,2252500,1.013333,1.016800,1.015875,1.013200,0.000128
2022.12.12T14:51:00.000,1.02,1.02,1,1,2252500,NaN,NaN,NaN,NaN,NaN
2022.12.12T15:00:00.000,1.02,1.02,1,1,2252500,NaN,NaN,NaN,NaN,NaN
2022.12.13T14:50:00.000,1.002,1.008,1.001,1.003,855800,1.008333,1.012200,1.015500,1.013200,0.000128
2022.12.13T14:51:00.000,1.002,1.008,1.001,1.003,855800,NaN,NaN,NaN,NaN,NaN
2022.12.13T15:00:00.000,1.002,1.008,1.001,1.003,855800,NaN,NaN,NaN,NaN,NaN
2022.12.14T14:50:00.000,1.004,1.012,0.999,1.006,691700,1.003000,1.009800,1.015875,1.013600,0.000120
2022.12.14T14:51:00.000,1.004,1.012,0.999,1.006,691700,NaN,NaN,NaN,NaN,NaN
2022.12.14T15:00:00.000,1.004,1.012,0.999,1.006,691700,NaN,NaN,NaN,NaN,NaN
2022.12.15T14:50:00.000,1.008,1.012,0.999,1,1135900,1.003000,1.006200,1.011625,1.013000,0.000133
2022.12.15T14:51:00.000,1.008,1.012,0.999,1,1135900,NaN,NaN,NaN,NaN,NaN
2022.12.15T15:00:00.000,1.008,1.012,0.999,1,1135900,NaN,NaN,NaN,NaN,NaN
2022.12.16T14:50:00.000,0.999,1.006,0.996,1.002,913000,1.002667,1.002200,1.008625,1.012900,0.000135
2022.12.16T14:51:00.000,0.999,1.006,0.996,1.002,913000,NaN,NaN,NaN,NaN,NaN
2022.12.16T15:00:00.000,0.999,1.006,0.996,1.002,913000,NaN,NaN,NaN,NaN,NaN
2022.12.19T14:50:00.000,1.002,1.004,0.972,0.974,2462400,0.992000,0.997000,1.003125,1.006900,0.000206
2022.12.19T14:51:00.000,1.002,1.004,0.972,0.974,2462400,NaN,NaN,NaN,NaN,NaN
2022.12.19T15:00:00.000,1.002,1.004,0.972,0.974,2462400,NaN,NaN,NaN,NaN,NaN
2022.12.20T14:50:00.000,0.974,0.979,0.965,0.97,894900,0.982000,0.990400,0.997125,1.001300,0.000274
2022.12.20T14:51:00.000,0.974,0.979,0.965,0.97,894900,NaN,NaN,NaN,NaN,NaN
2022.12.20T15:00:00.000,0.974,0.979,0.965,0.97,894900,NaN,NaN,NaN,NaN,NaN
2022.12.21T14:50:00.000,0.974,0.976,0.965,0.969,1349500,0.971000,0.983000,0.990500,0.996400,0.000326
2022.12.21T14:51:00.000,0.974,0.976,0.965,0.969,1349500,NaN,NaN,NaN,NaN,NaN
2022.12.21T15:00:00.000,0.974,0.976,0.965,0.969,1349500,NaN,NaN,NaN,NaN,NaN
2022.12.22T14:50:00.000,0.98,0.98,0.962,0.967,1286100,0.968667,0.976400,0.986375,0.991300,0.000340
2022.12.22T14:51:00.000,0.98,0.98,0.962,0.967,1286100,NaN,NaN,NaN,NaN,NaN
2022.12.22T15:00:00.000,0.98,0.98,0.962,0.967,1286100,NaN,NaN,NaN,NaN,NaN
2022.12.23T14:50:00.000,0.965,0.973,0.964,0.967,499600,0.967667,0.969400,0.981875,0.985800,0.000275
2022.12.23T14:51:00.000,0.965,0.973,0.964,0.967,499600,NaN,NaN,NaN,NaN,NaN
2022.12.23T15:00:00.000,0.965,0.973,0.964,0.967,499600,NaN,NaN,NaN,NaN,NaN
2022.12.26T14:50:00.000,0.965,0.968,0.96,0.964,1236700,0.966000,0.967400,0.976625,0.982200,0.000289
2022.12.26T14:51:00.000,0.965,0.968,0.96,0.964,1236700,NaN,NaN,NaN,NaN,NaN
2022.12.26T15:00:00.000,0.965,0.968,0.96,0.964,1236700,NaN,NaN,NaN,NaN,NaN
2022.12.27T14:50:00.000,0.965,0.98,0.965,0.975,883700,0.968667,0.968400,0.973500,0.979400,0.000243
2022.12.27T14:51:00.000,0.965,0.98,0.965,0.975,883700,NaN,NaN,NaN,NaN,NaN
2022.12.27T15:00:00.000,0.965,0.98,0.965,0.975,883700,NaN,NaN,NaN,NaN,NaN
2022.12.28T14:50:00.000,0.969,0.979,0.967,0.97,537300,0.969667,0.968600,0.969500,0.975800,0.000168
2022.12.28T14:51:00.000,0.969,0.979,0.967,0.97,537300,NaN,NaN,NaN,NaN,NaN
2022.12.28T15:00:00.000,0.969,0.979,0.967,0.97,537300,NaN,NaN,NaN,NaN,NaN
2022.12.29T14:50:00.000,0.966,0.969,0.96,0.966,598700,0.970333,0.968400,0.968500,0.972400,0.000108
2022.12.29T14:51:00.000,0.966,0.969,0.96,0.966,598700,NaN,NaN,NaN,NaN,NaN
2022.12.29T15:00:00.000,0.966,0.969,0.96,0.966,598700,NaN,NaN,NaN,NaN,NaN
2022.12.30T14:50:00.000,0.968,0.976,0.968,0.972,488500,0.969333,0.969400,0.968750,0.969400,0.000011
2022.12.30T14:51:00.000,0.968,0.976,0.968,0.972,488500,NaN,NaN,NaN,NaN,NaN
2022.12.30T15:00:00.000,0.968,0.976,0.968,0.972,488500,NaN,NaN,NaN,NaN,NaN
2023.01.03T14:50:00.000,0.965,0.968,0.942,0.967,1548000,0.968333,0.970000,0.968500,0.968700,0.000009
2023.01.03T14:51:00.000,0.965,0.968,0.942,0.967,1548000,NaN,NaN,NaN,NaN,NaN
2023.01.03T15:00:00.000,0.965,0.968,0.942,0.967,1548000,NaN,NaN,NaN,NaN,NaN
2023.01.04T14:50:00.000,0.968,0.972,0.964,0.967,994100,0.968667,0.968400,0.968500,0.968400,0.000009
2023.01.04T14:51:00.000,0.968,0.972,0.964,0.967,994100,NaN,NaN,NaN,NaN,NaN
2023.01.04T15:00:00.000,0.968,0.972,0.964,0.967,994100,NaN,NaN,NaN,NaN,NaN
2023.01.05T14:50:00.000,0.97,0.987,0.97,0.983,2083600,0.972333,0.971000,0.970500,0.969800,0.000029
2023.01.05T14:51:00.000,0.97,0.987,0.97,0.983,2083600,NaN,NaN,NaN,NaN,NaN
2023.01.05T15:00:00.000,0.97,0.987,0.97,0.983,2083600,NaN,NaN,NaN,NaN,NaN
2023.01.06T14:50:00.000,0.984,0.988,0.978,0.98,471000,0.976667,0.973800,0.972500,0.971100,0.000036
2023.01.06T14:51:00.000,0.984,0.988,0.978,0.98,471000,NaN,NaN,NaN,NaN,NaN
2023.01.06T15:00:00.000,0.984,0.988,0.978,0.98,471000,NaN,NaN,NaN,NaN,NaN
2023.01.09T14:50:00.000,0.985,1.004,0.983,0.995,889700,0.986000,0.978400,0.975000,0.973900,0.000084
2023.01.09T14:51:00.000,0.985,1.004,0.983,0.995,889700,NaN,NaN,NaN,NaN,NaN
2023.01.09T15:00:00.000,0.985,1.004,0.983,0.995,889700,NaN,NaN,NaN,NaN,NaN
2023.01.10T14:50:00.000,0.995,1.01,0.992,0.993,1320000,0.989333,0.983600,0.977875,0.976800,0.000102
2023.01.10T14:51:00.000,0.995,1.01,0.992,0.993,1320000,NaN,NaN,NaN,NaN,NaN
2023.01.10T15:00:00.000,0.995,1.01,0.992,0.993,1320000,NaN,NaN,NaN,NaN,NaN
2023.01.11T14:50:00.000,0.992,1.006,0.986,0.987,491000,0.991667,0.987600,0.980500,0.978000,0.000111
2023.01.11T14:51:00.000,0.992,1.006,0.986,0.987,491000,NaN,NaN,NaN,NaN,NaN
2023.01.11T15:00:00.000,0.992,1.006,0.986,0.987,491000,NaN,NaN,NaN,NaN,NaN
2023.01.12T14:50:00.000,0.986,0.999,0.986,0.999,1053800,0.993000,0.990800,0.983875,0.980900,0.000140
2023.01.12T14:51:00.000,0.986,0.999,0.986,0.999,1053800,NaN,NaN,NaN,NaN,NaN
2023.01.12T15:00:00.000,0.986,0.999,0.986,0.999,1053800,NaN,NaN,NaN,NaN,NaN
2023.01.13T14:50:00.000,0.999,1.016,0.997,1.016,2535700,1.000667,0.998000,0.990000,0.985900,0.000216
2023.01.13T14:51:00.000,0.999,1.016,0.997,1.016,2535700,NaN,NaN,NaN,NaN,NaN
2023.01.13T15:00:00.000,0.999,1.016,0.997,1.016,2535700,NaN,NaN,NaN,NaN,NaN
2023.01.16T14:50:00.000,1.018,1.065,1.018,1.043,4725200,1.019333,1.007600,0.999500,0.993000,0.000473
2023.01.16T14:51:00.000,1.018,1.065,1.018,1.043,4725200,NaN,NaN,NaN,NaN,NaN
2023.01.16T15:00:00.000,1.018,1.065,1.018,1.043,4725200,NaN,NaN,NaN,NaN,NaN
2023.01.17T14:50:00.000,1.043,1.057,1.04,1.053,3294200,1.037333,1.019600,1.008250,1.001600,0.000691
2023.01.17T14:51:00.000,1.043,1.057,1.04,1.053,3294200,NaN,NaN,NaN,NaN,NaN
2023.01.17T15:00:00.000,1.043,1.057,1.04,1.053,3294200,NaN,NaN,NaN,NaN,NaN
2023.01.18T14:50:00.000,1.053,1.057,1.044,1.049,887700,1.048333,1.032000,1.016875,1.009800,0.000729
2023.01.18T14:51:00.000,1.053,1.057,1.044,1.049,887700,NaN,NaN,NaN,NaN,NaN
2023.01.18T15:00:00.000,1.053,1.057,1.044,1.049,887700,NaN,NaN,NaN,NaN,NaN
2023.01.19T14:50:00.000,1.051,1.069,1.045,1.069,2176700,1.057000,1.046000,1.026125,1.018400,0.000933
2023.01.19T14:51:00.000,1.051,1.069,1.045,1.069,2176700,NaN,NaN,NaN,NaN,NaN
2023.01.19T15:00:00.000,1.051,1.069,1.045,1.069,2176700,NaN,NaN,NaN,NaN,NaN
2023.01.20T14:50:00.000,1.07,1.07,1.054,1.064,1100500,1.060667,1.055600,1.035000,1.026800,0.000923
2023.01.20T14:51:00.000,1.07,1.07,1.054,1.064,1100500,NaN,NaN,NaN,NaN,NaN
2023.01.20T15:00:00.000,1.07,1.07,1.054,1.064,1100500,NaN,NaN,NaN,NaN,NaN
2023.01.30T14:50:00.000,1.092,1.092,1.057,1.059,2200700,1.064000,1.058800,1.044000,1.033200,0.000885
2023.01.30T14:51:00.000,1.092,1.092,1.057,1.059,2200700,NaN,NaN,NaN,NaN,NaN
2023.01.30T15:00:00.000,1.092,1.092,1.057,1.059,2200700,NaN,NaN,NaN,NaN,NaN
2023.01.31T14:50:00.000,1.055,1.068,1.046,1.051,1154100,1.058000,1.058400,1.050500,1.039000,0.000721
2023.01.31T14:51:00.000,1.055,1.068,1.046,1.051,1154100,NaN,NaN,NaN,NaN,NaN
2023.01.31T15:00:00.000,1.055,1.068,1.046,1.051,1154100,NaN,NaN,NaN,NaN,NaN
2023.02.01T14:50:00.000,1.05,1.08,1.05,1.078,2270500,1.062667,1.064200,1.058250,1.048100,0.000520
2023.02.01T14:51:00.000,1.05,1.08,1.05,1.078,2270500,NaN,NaN,NaN,NaN,NaN
2023.02.01T15:00:00.000,1.05,1.08,1.05,1.078,2270500,NaN,NaN,NaN,NaN,NaN
2023.02.02T14:50:00.000,1.094,1.13,1.06,1.061,4708900,1.063333,1.062600,1.060500,1.054300,0.000257
2023.02.02T14:51:00.000,1.094,1.13,1.06,1.061,4708900,NaN,NaN,NaN,NaN,NaN
2023.02.02T15:00:00.000,1.094,1.13,1.06,1.061,4708900,NaN,NaN,NaN,NaN,NaN
2023.02.03T14:50:00.000,1.047,1.064,1.044,1.052,1870800,1.063667,1.060200,1.060375,1.057900,0.000098
2023.02.03T14:51:00.000,1.047,1.064,1.044,1.052,1870800,NaN,NaN,NaN,NaN,NaN
2023.02.03T15:00:00.000,1.047,1.064,1.044,1.052,1870800,NaN,NaN,NaN,NaN,NaN
2023.02.06T14:50:00.000,1.047,1.047,1.033,1.033,1474300,1.048667,1.055000,1.058375,1.056900,0.000137
2023.02.06T14:51:00.000,1.047,1.047,1.033,1.033,1474300,NaN,NaN,NaN,NaN,NaN
2023.02.06T15:00:00.000,1.047,1.047,1.033,1.033,1474300,NaN,NaN,NaN,NaN,NaN
2023.02.07T14:50:00.000,1.033,1.05,1.032,1.037,942000,1.040667,1.052200,1.054375,1.055300,0.000173
2023.02.07T14:51:00.000,1.033,1.05,1.032,1.037,942000,NaN,NaN,NaN,NaN,NaN
2023.02.07T15:00:00.000,1.033,1.05,1.032,1.037,942000,NaN,NaN,NaN,NaN,NaN
2023.02.08T14:50:00.000,1.037,1.046,1.027,1.029,526000,1.033000,1.042400,1.050000,1.053300,0.000234
2023.02.08T14:51:00.000,1.037,1.046,1.027,1.029,526000,NaN,NaN,NaN,NaN,NaN
2023.02.08T15:00:00.000,1.037,1.046,1.027,1.029,526000,NaN,NaN,NaN,NaN,NaN
2023.02.09T14:50:00.000,1.028,1.045,1.028,1.044,762100,1.036667,1.039000,1.048125,1.050800,0.000212
2023.02.09T14:51:00.000,1.028,1.045,1.028,1.044,762100,NaN,NaN,NaN,NaN,NaN
2023.02.09T15:00:00.000,1.028,1.045,1.028,1.044,762100,NaN,NaN,NaN,NaN,NaN
2023.02.10T14:50:00.000,1.041,1.042,1.033,1.035,2264200,1.036000,1.035600,1.046125,1.047900,0.000211
2023.02.10T14:51:00.000,1.041,1.042,1.033,1.035,2264200,NaN,NaN,NaN,NaN,NaN
2023.02.10T15:00:00.000,1.041,1.042,1.033,1.035,2264200,NaN,NaN,NaN,NaN,NaN
2023.02.13T14:50:00.000,1.039,1.04,1.03,1.038,498100,1.039000,1.036600,1.041125,1.045800,0.000204
2023.02.13T14:51:00.000,1.039,1.04,1.03,1.038,498100,NaN,NaN,NaN,NaN,NaN
2023.02.13T15:00:00.000,1.039,1.04,1.03,1.038,498100,NaN,NaN,NaN,NaN,NaN
2023.02.14T14:50:00.000,1.037,1.042,1.034,1.039,675600,1.037333,1.037000,1.038375,1.044600,0.000204
2023.02.14T14:51:00.000,1.037,1.042,1.034,1.039,675600,NaN,NaN,NaN,NaN,NaN
2023.02.14T15:00:00.000,1.037,1.042,1.034,1.039,675600,NaN,NaN,NaN,NaN,NaN
2023.02.15T14:50:00.000,1.039,1.039,1.03,1.032,1162200,1.036333,1.037600,1.035875,1.040000,0.000087
2023.02.15T14:51:00.000,1.039,1.039,1.03,1.032,1162200,NaN,NaN,NaN,NaN,NaN
2023.02.15T15:00:00.000,1.039,1.039,1.03,1.032,1162200,NaN,NaN,NaN,NaN,NaN
2023.02.16T14:50:00.000,1.029,1.05,1.017,1.023,2185200,1.031333,1.033400,1.034625,1.036200,0.000058
2023.02.16T14:51:00.000,1.029,1.05,1.017,1.023,2185200,NaN,NaN,NaN,NaN,NaN
2023.02.16T15:00:00.000,1.029,1.05,1.017,1.023,2185200,NaN,NaN,NaN,NaN,NaN
2023.02.17T14:50:00.000,1.025,1.027,1.008,1.01,1409200,1.021667,1.028400,1.031250,1.032000,0.000084
2023.02.17T14:51:00.000,1.025,1.027,1.008,1.01,1409200,NaN,NaN,NaN,NaN,NaN
2023.02.17T15:00:00.000,1.025,1.027,1.008,1.01,1409200,NaN,NaN,NaN,NaN,NaN
2023.02.20T14:50:00.000,1.012,1.049,1.012,1.049,2673500,1.027333,1.030600,1.033750,1.033600,0.000110
2023.02.20T14:51:00.000,1.012,1.049,1.012,1.049,2673500,NaN,NaN,NaN,NaN,NaN
2023.02.20T15:00:00.000,1.012,1.049,1.012,1.049,2673500,NaN,NaN,NaN,NaN,NaN
2023.02.21T14:50:00.000,1.048,1.052,1.041,1.05,1105900,1.036333,1.032800,1.034500,1.034900,0.000134
2023.02.21T14:51:00.000,1.048,1.052,1.041,1.05,1105900,NaN,NaN,NaN,NaN,NaN
2023.02.21T15:00:00.000,1.048,1.052,1.041,1.05,1105900,NaN,NaN,NaN,NaN,NaN
2023.02.22T14:50:00.000,1.041,1.055,1.041,1.042,1632900,1.047000,1.034800,1.035375,1.036200,0.000134
2023.02.22T14:51:00.000,1.041,1.055,1.041,1.042,1632900,NaN,NaN,NaN,NaN,NaN
2023.02.22T15:00:00.000,1.041,1.055,1.041,1.042,1632900,NaN,NaN,NaN,NaN,NaN
2023.02.23T14:50:00.000,1.046,1.059,1.045,1.048,1142800,1.046667,1.039800,1.036625,1.036600,0.000142
2023.02.23T14:51:00.000,1.046,1.059,1.045,1.048,1142800,NaN,NaN,NaN,NaN,NaN
2023.02.23T15:00:00.000,1.046,1.059,1.045,1.048,1142800,NaN,NaN,NaN,NaN,NaN
2023.02.24T14:50:00.000,1.045,1.046,1.032,1.034,1602900,1.041333,1.044600,1.036000,1.036500,0.000142
2023.02.24T14:51:00.000,1.045,1.046,1.032,1.034,1602900,NaN,NaN,NaN,NaN,NaN
2023.02.24T15:00:00.000,1.045,1.046,1.032,1.034,1602900,NaN,NaN,NaN,NaN,NaN
2023.02.27T14:50:00.000,1.032,1.032,1.022,1.024,929700,1.035333,1.039600,1.035000,1.035100,0.000155
2023.02.27T14:51:00.000,1.032,1.032,1.022,1.024,929700,NaN,NaN,NaN,NaN,NaN
2023.02.27T15:00:00.000,1.032,1.032,1.022,1.024,929700,NaN,NaN,NaN,NaN,NaN
2023.02.28T14:50:00.000,1.029,1.033,1.024,1.033,547800,1.030333,1.036200,1.036250,1.034500,0.000154
2023.02.28T14:51:00.000,1.029,1.033,1.024,1.033,547800,NaN,NaN,NaN,NaN,NaN
2023.02.28T15:00:00.000,1.029,1.033,1.024,1.033,547800,NaN,NaN,NaN,NaN,NaN
