datetime,open,high,low,close,vol,amount,change,changerate,amplitude,openinterest,ma1,ma2,ma3,ma4
2020/12/8 11:30,9.3305,9.3791,9.3305,9.3791,6387,6129436,0.0487,0.0052,0.0052,14,9.3675,9.3762,9.4059,9.509
2020/12/8 13:10,9.3889,9.4181,9.3889,9.4084,12219,11799238,0.0292,0.0031,0.0031,13,9.3714,9.3782,9.4045,9.5053
2020/12/8 13:20,9.4084,9.4668,9.3986,9.4668,16969,16449912,0.0584,0.0062,0.0072,13,9.3869,9.3879,9.4064,9.504
2020/12/8 13:30,9.4473,9.4765,9.3986,9.4376,13518,13119114,-0.0292,-0.0031,0.0082,13,9.4045,9.3938,9.4054,9.5022
2020/12/8 13:40,9.4278,9.4376,9.4181,9.4278,5009,4850488,-0.0097,-0.001,0.0021,13,9.424,9.3967,9.4035,9.5004
2020/12/8 13:50,9.4278,9.4473,9.4181,9.4278,6132,5937510,0,0,0.0031,13,9.4337,9.4006,9.403,9.4986
2020/12/8 14:00,9.4181,9.4376,9.3986,9.4278,7537,7295239,0,0,0.0041,13,9.4376,9.4045,9.404,9.496
2020/12/8 14:10,9.4278,9.4765,9.4278,9.4571,10983,10667466,0.0292,0.0031,0.0052,13,9.4356,9.4113,9.4054,9.4942
2020/12/8 14:20,9.4571,9.4571,9.4278,9.4278,4641,4499228,-0.0292,-0.0031,0.0031,13,9.4337,9.4191,9.4079,9.4912
2020/12/8 14:30,9.4278,9.4376,9.4084,9.4181,8388,8114219,-0.0097,-0.001,0.0031,13,9.4317,9.4278,9.4064,9.4879
2020/12/8 14:40,9.4278,9.4278,9.3986,9.4084,9654,9330932,-0.0097,-0.001,0.0031,13,9.4278,9.4308,9.4035,9.485
2020/12/8 14:50,9.4084,9.4181,9.3986,9.4084,11764,11358130,0,0,0.0021,13,9.424,9.4308,9.4045,9.4822
2020/12/8 15:00,9.3986,9.4084,9.3889,9.4084,16044,15483240,0,0,0.0021,15,9.4142,9.4249,9.4064,9.4793
2020/12/9 9:40,9.4181,9.4668,9.3694,9.3694,25087,24245977,-0.039,-0.0041,0.0104,13,9.4025,9.4181,9.4059,9.4764
2020/12/9 9:50,9.3791,9.4473,9.3694,9.4278,19614,18954001,0.0584,0.0062,0.0083,13,9.4045,9.4181,9.4074,9.4731
2020/12/9 10:00,9.4278,9.4473,9.3986,9.3986,10875,10517702,-0.0292,-0.0031,0.0052,13,9.4025,9.4152,9.4079,9.4697
2020/12/9 10:10,9.3889,9.4084,9.3597,9.3791,12388,11934621,-0.0195,-0.0021,0.0052,13,9.3967,9.4103,9.4074,9.4653
2020/12/9 10:20,9.3791,9.4473,9.3694,9.4278,17042,16444373,0.0487,0.0052,0.0083,13,9.4006,9.4074,9.4093,9.4619
2020/12/9 10:30,9.4376,9.4571,9.4084,9.4571,11270,10914030,0.0292,0.0031,0.0052,13,9.4181,9.4103,9.4147,9.4587
2020/12/9 10:40,9.4571,9.4668,9.4376,9.4376,12867,12493405,-0.0195,-0.0021,0.0031,13,9.4201,9.4123,9.4201,9.4559
2020/12/9 10:50,9.4376,9.4668,9.4376,9.4473,8715,8455079,0.0097,0.001,0.0031,13,9.4298,9.4162,9.4235,9.4535
2020/12/9 11:00,9.4376,9.4376,9.3986,9.3986,11058,10687865,-0.0487,-0.0052,0.0041,13,9.4337,9.4152,9.423,9.4502
2020/12/9 11:10,9.3986,9.4278,9.3889,9.4181,5351,5166560,0.0195,0.0021,0.0041,13,9.4317,9.4162,9.4205,9.4464
2020/12/9 11:20,9.4278,9.4473,9.4181,9.4376,5228,5063246,0.0195,0.0021,0.0031,13,9.4278,9.423,9.4205,9.4433
2020/12/9 11:30,9.4376,9.4473,9.4181,9.4278,5326,5160462,-0.0097,-0.001,0.0031,14,9.4259,9.423,9.4205,9.4399
2020/12/9 13:10,9.4278,9.4278,9.3986,9.4084,5215,5041048,-0.0195,-0.0021,0.0031,13,9.4181,9.424,9.4196,9.4376
2020/12/9 13:20,9.4084,9.4181,9.3597,9.3694,13207,12727256,-0.039,-0.0041,0.0062,13,9.4123,9.423,9.4166,9.4343
2020/12/9 13:30,9.3694,9.3791,9.311,9.3402,29330,28134719,-0.0292,-0.0031,0.0073,13,9.3967,9.4142,9.4108,9.4314
2020/12/9 13:40,9.3402,9.3499,9.3207,9.3207,13401,12842424,-0.0195,-0.0021,0.0031,13,9.3733,9.4006,9.4054,9.4277
2020/12/9 13:50,9.3207,9.3402,9.311,9.311,13884,13286185,-0.0097,-0.001,0.0031,13,9.3499,9.3879,9.4001,9.4244
2020/12/9 14:00,9.311,9.3305,9.3012,9.311,16856,16115208,0,0,0.0031,13,9.3305,9.3743,9.3952,9.4207
2020/12/9 14:10,9.311,9.3207,9.2915,9.3207,13829,13210272,0.0097,0.001,0.0031,13,9.3207,9.3665,9.3908,9.4175
2020/12/9 14:20,9.3207,9.3207,9.2915,9.3012,9239,8828286,-0.0195,-0.0021,0.0031,13,9.3129,9.3548,9.3855,9.4136
2020/12/9 14:30,9.3012,9.3402,9.2915,9.3207,9151,8755177,0.0195,0.0021,0.0052,13,9.3129,9.3431,9.383,9.41
2020/12/9 14:40,9.3207,9.3207,9.1746,9.2038,43168,40989588,-0.1169,-0.0125,0.0157,13,9.2915,9.3207,9.3718,9.4054
2020/12/9 14:50,9.1941,9.2038,9.0967,9.1064,59436,55937240,-0.0974,-0.0106,0.0116,13,9.2506,9.2905,9.3572,9.3994
2020/12/9 15:00,9.1064,9.1551,9.1064,9.1162,46442,43506201,0.0097,0.0011,0.0053,15,9.2097,9.2652,9.3441,9.3934
2020/12/10 9:40,9.0675,9.1551,9.0577,9.1064,42001,39241910,-0.0097,-0.0011,0.0107,13,9.1707,9.2418,9.328,9.3869
2020/12/10 9:50,9.0967,9.1357,9.087,9.1259,17608,16478978,0.0195,0.0021,0.0053,13,9.1318,9.2223,9.3115,9.3813
2020/12/10 10:00,9.1064,9.1357,9.0772,9.0967,17156,16046485,-0.0292,-0.0032,0.0064,13,9.1103,9.2009,9.2944,9.3749
2020/12/10 10:10,9.0967,9.1551,9.087,9.1551,11753,11022712,0.0584,0.0064,0.0075,13,9.1201,9.1853,9.2798,9.3697
2020/12/10 10:20,9.1454,9.1649,9.1259,9.1259,13656,12828388,-0.0292,-0.0032,0.0043,13,9.122,9.1659,9.2662,9.3645
2020/12/10 10:30,9.1259,9.1551,9.1259,9.1454,6661,6253582,0.0195,0.0021,0.0032,13,9.1298,9.1503,9.2525,9.3598
2020/12/10 10:40,9.1454,9.1649,9.1259,9.1454,6460,6065117,0,0,0.0043,13,9.1337,9.1327,9.2379,9.3546
2020/12/10 10:50,9.1259,9.1454,9.1162,9.1259,5286,4953091,-0.0195,-0.0021,0.0032,13,9.1396,9.1249,9.2228,9.349
2020/12/10 11:00,9.1259,9.1454,9.1162,9.1357,4621,4332609,0.0097,0.0011,0.0032,13,9.1357,9.1279,9.2092,9.3439
2020/12/10 11:10,9.1357,9.1551,9.1162,9.1357,5746,5392728,0,0,0.0043,13,9.1376,9.1298,9.1975,9.3394
2020/12/10 11:20,9.1259,9.1259,9.0967,9.1064,7745,7243796,-0.0292,-0.0032,0.0032,13,9.1298,9.1298,9.1858,9.334
2020/12/10 11:30,9.1064,9.1259,9.0967,9.1064,3395,3174679,0,0,0.0032,14,9.122,9.1279,9.1751,9.3295
2020/12/10 13:10,9.1162,9.1357,9.1064,9.1259,4529,4242030,0.0195,0.0021,0.0032,13,9.122,9.1308,9.1659,9.3241
2020/12/10 13:20,9.1259,9.1551,9.1162,9.1259,5873,5508058,0,0,0.0043,13,9.1201,9.1279,9.1566,9.3184
2020/12/10 13:30,9.1259,9.1357,9.0967,9.1064,8489,7940776,-0.0195,-0.0021,0.0043,13,9.1142,9.1259,9.1459,9.3137
2020/12/10 13:40,9.1064,9.1259,9.0967,9.1259,4954,4633505,0.0195,0.0021,0.0032,13,9.1181,9.124,9.1371,9.3097
2020/12/10 13:50,9.1259,9.1259,9.1064,9.1162,4113,3849615,-0.0097,-0.0011,0.0021,13,9.1201,9.1211,9.1269,9.3053
2020/12/10 14:00,9.1162,9.1162,9.0967,9.1064,5949,5561604,-0.0097,-0.0011,0.0021,13,9.1162,9.1191,9.122,9.3004
2020/12/10 14:10,9.1064,9.1064,9.048,9.0577,35014,32590794,-0.0487,-0.0053,0.0064,13,9.1025,9.1113,9.1196,9.2949
2020/12/10 14:20,9.0577,9.087,9.0188,9.0675,17235,16011001,0.0097,0.0011,0.0075,13,9.0948,9.1045,9.1172,9.2895
2020/12/10 14:30,9.0675,9.1454,9.0675,9.1162,20406,19091834,0.0487,0.0054,0.0086,13,9.0928,9.1055,9.1176,9.285
2020/12/10 14:40,9.1259,9.1454,9.087,9.1357,7649,7162355,0.0195,0.0021,0.0064,13,9.0967,9.1084,9.1181,9.2814
2020/12/10 14:50,9.1357,9.1357,9.1064,9.1162,7019,6573065,-0.0195,-0.0021,0.0032,13,9.0987,9.1074,9.1191,9.2779
2020/12/10 15:00,9.1162,9.1357,9.1064,9.1259,11820,11070807,0.0097,0.0011,0.0032,15,9.1123,9.1074,9.1176,9.2736
2020/12/11 9:40,9.1162,9.1357,9.087,9.0967,14301,13371725,-0.0292,-0.0032,0.0053,13,9.1181,9.1064,9.1162,9.2684
2020/12/11 9:50,9.087,9.1551,9.087,9.1357,13791,12918684,0.039,0.0043,0.0075,13,9.122,9.1074,9.1157,9.2629
2020/12/11 10:00,9.1259,9.1454,9.0967,9.1162,7971,7459457,-0.0195,-0.0021,0.0053,13,9.1181,9.1074,9.1142,9.2576
2020/12/11 10:10,9.1162,9.1259,9.087,9.087,10123,9458652,-0.0292,-0.0032,0.0043,13,9.1123,9.1055,9.1123,9.2519
2020/12/11 10:20,9.087,9.1162,9.087,9.0967,7822,7306011,0.0097,0.0011,0.0032,13,9.1064,9.1094,9.1103,9.2464
2020/12/11 10:30,9.1064,9.1259,9.087,9.0967,5936,5551422,0,0,0.0043,13,9.1064,9.1123,9.1084,9.2408
2020/12/11 10:40,9.087,9.0967,9.0675,9.0675,9181,8557640,-0.0292,-0.0032,0.0032,13,9.0928,9.1074,9.1064,9.2344
2020/12/11 10:50,9.0675,9.087,9.0577,9.0675,7873,7334635,0,0,0.0032,13,9.0831,9.1006,9.1045,9.2283
2020/12/11 11:00,9.0675,9.0772,9.0188,9.0285,17486,16239846,-0.039,-0.0043,0.0064,13,9.0714,9.0918,9.0996,9.2219
2020/12/11 11:10,9.0188,9.0772,9.0188,9.0383,12973,12057730,0.0097,0.0011,0.0065,13,9.0597,9.0831,9.0952,9.2157
2020/12/11 11:20,9.048,9.0772,8.9896,9.0285,19733,18275163,-0.0097,-0.0011,0.0097,13,9.0461,9.0762,9.0913,9.2094
2020/12/11 11:30,9.0285,9.0383,8.9896,9.0285,10755,9953901,0,0,0.0054,14,9.0383,9.0655,9.0865,9.203
2020/12/11 13:10,9.009,9.0577,8.9993,9.048,13319,12352873,0.0195,0.0022,0.0065,13,9.0344,9.0587,9.0831,9.1977
2020/12/11 13:20,9.0577,9.0675,9.009,9.0285,8978,8323783,-0.0195,-0.0022,0.0065,13,9.0344,9.0529,9.0792,9.191
2020/12/11 13:30,9.0285,9.0285,8.9701,8.9798,15444,14262055,-0.0487,-0.0054,0.0065,13,9.0227,9.0412,9.0753,9.184
2020/12/11 13:40,8.9798,9.0188,8.9798,9.0188,10015,9250241,0.039,0.0043,0.0043,13,9.0207,9.0334,9.0728,9.178
2020/12/11 13:50,9.0188,9.0383,8.9896,8.9896,5973,5523914,-0.0292,-0.0032,0.0054,13,9.0129,9.0256,9.0665,9.1707
2020/12/11 14:00,8.9896,9.0285,8.9701,8.9701,11662,10769324,-0.0195,-0.0022,0.0065,13,8.9974,9.0159,9.0582,9.1626
2020/12/11 14:10,8.9701,9.009,8.9603,8.9896,14087,12988943,0.0195,0.0022,0.0054,13,8.9896,9.012,9.0519,9.1551
2020/12/11 14:20,8.9896,8.9993,8.9506,8.9506,22634,20839781,-0.039,-0.0043,0.0054,13,8.9837,9.0032,9.0431,9.1469
2020/12/11 14:30,8.9506,9.009,8.9506,9.009,9785,9019038,0.0584,0.0065,0.0065,13,8.9818,9.0013,9.0388,9.1404
2020/12/11 14:40,8.9993,9.0577,8.9896,9.048,13521,12536863,0.039,0.0043,0.0076,13,8.9935,9.0032,9.0344,9.1342
2020/12/11 14:50,9.048,9.0675,9.009,9.009,15389,14285359,-0.039,-0.0043,0.0065,13,9.0013,8.9993,9.029,9.1271
2020/12/11 15:00,9.0285,9.0285,9.009,9.0285,12607,11680636,0.0195,0.0022,0.0022,15,9.009,8.9993,9.0261,9.1204
2020/12/14 9:40,9.0285,9.0675,9.009,9.0285,16454,15262941,0,0,0.0065,13,9.0246,9.0042,9.0227,9.1141
2020/12/14 9:50,9.0285,9.0772,9.0285,9.0383,10600,9851395,0.0097,0.0011,0.0054,13,9.0305,9.0061,9.0198,9.1086
2020/12/14 10:00,9.0285,9.048,9.009,9.009,8492,7871738,-0.0292,-0.0032,0.0043,13,9.0227,9.0081,9.0168,9.103
2020/12/14 10:10,9.0188,9.0577,9.009,9.0285,7278,6747735,0.0195,0.0022,0.0054,13,9.0266,9.0139,9.0149,9.0982
2020/12/14 10:20,9.0285,9.0383,8.9896,8.9993,12911,11945756,-0.0292,-0.0032,0.0054,13,9.0207,9.0149,9.0134,9.093
2020/12/14 10:30,9.009,9.0383,8.9993,9.0383,4036,3738560,0.039,0.0043,0.0043,13,9.0227,9.0237,9.0134,9.0884
2020/12/14 10:40,9.0285,9.048,9.0188,9.0383,4876,4522810,0,0,0.0032,13,9.0227,9.0266,9.0139,9.0837
2020/12/14 10:50,9.0285,9.048,9.0188,9.048,4963,4606450,0.0097,0.0011,0.0032,13,9.0305,9.0266,9.0149,9.0795
2020/12/14 11:00,9.048,9.0675,9.0285,9.0675,4494,4174475,0.0195,0.0022,0.0043,13,9.0383,9.0324,9.0159,9.0753
2020/12/14 11:10,9.0675,9.0675,9.0383,9.0577,3357,3121013,-0.0097,-0.0011,0.0032,13,9.05,9.0353,9.0173,9.0728
2020/12/14 11:20,9.0383,9.048,9.0285,9.048,2531,2347939,-0.0097,-0.0011,0.0022,13,9.0519,9.0373,9.0207,9.0719
2020/12/14 11:30,9.0383,9.0772,9.0285,9.0675,3490,3246860,0.0195,0.0022,0.0054,14,9.0577,9.0402,9.0232,9.0711
2020/12/14 13:10,9.0675,9.0675,9.0285,9.048,6669,6195518,-0.0195,-0.0021,0.0043,13,9.0577,9.0441,9.0261,9.0701
2020/12/14 13:20,9.048,9.048,9.0285,9.0285,4608,4274770,-0.0195,-0.0022,0.0022,13,9.05,9.0441,9.029,9.0685
2020/12/14 13:30,9.0285,9.048,9.0285,9.048,2774,2574694,0.0195,0.0022,0.0022,13,9.048,9.049,9.0319,9.0676
2020/12/14 13:40,9.048,9.0577,9.0285,9.0285,2798,2595962,-0.0195,-0.0022,0.0032,13,9.0441,9.048,9.0358,9.0655
2020/12/14 13:50,9.0383,9.048,9.0188,9.0188,4603,4267629,-0.0097,-0.0011,0.0032,13,9.0344,9.0461,9.0363,9.0638
2020/12/14 14:00,9.0188,9.0383,9.009,9.0188,6258,5794968,0,0,0.0032,13,9.0285,9.0431,9.0349,9.0616
2020/12/14 14:10,9.0188,9.0383,9.009,9.0285,2782,2578448,0.0097,0.0011,0.0032,13,9.0285,9.0392,9.0358,9.0597
2020/12/14 14:20,9.0383,9.048,9.0188,9.0383,5918,5489788,0.0097,0.0011,0.0032,13,9.0266,9.0373,9.0363,9.0582
2020/12/14 14:30,9.0383,9.0577,9.0383,9.048,3024,2808709,0.0097,0.0011,0.0022,13,9.0305,9.0373,9.0373,9.0568
2020/12/14 14:40,9.048,9.0772,9.0383,9.0675,7174,6675311,0.0195,0.0022,0.0043,13,9.0402,9.0373,9.0388,9.0556
2020/12/14 14:50,9.0577,9.087,9.0577,9.0577,10762,10018885,-0.0097,-0.0011,0.0032,13,9.048,9.0383,9.0412,9.0548
2020/12/14 15:00,9.0577,9.0675,9.048,9.0675,9054,8423926,0.0097,0.0011,0.0022,15,9.0558,9.0422,9.0431,9.0542
2020/12/15 9:40,9.0577,9.0577,9.0383,9.0577,9477,8805442,-0.0097,-0.0011,0.0021,13,9.0597,9.0431,9.0461,9.053
2020/12/15 9:50,9.048,9.0577,9.0285,9.048,7077,6570165,-0.0097,-0.0011,0.0032,13,9.0597,9.0451,9.0465,9.0517
2020/12/15 10:00,9.048,9.048,9.0188,9.0383,7598,7044800,-0.0097,-0.0011,0.0032,13,9.0538,9.047,9.0465,9.0506
2020/12/15 10:10,9.0383,9.0577,9.009,9.0188,8587,7959761,-0.0195,-0.0022,0.0054,13,9.0461,9.047,9.0451,9.0488
2020/12/15 10:20,9.0188,9.0577,9.0188,9.048,3945,3660718,0.0292,0.0032,0.0043,13,9.0422,9.049,9.0441,9.0477
2020/12/15 10:30,9.048,9.1064,9.0383,9.0967,9941,9257524,0.0487,0.0054,0.0075,13,9.05,9.0548,9.0461,9.0475
2020/12/15 10:40,9.0967,9.1259,9.0772,9.0967,15794,14765550,0,0,0.0054,13,9.0597,9.0597,9.0485,9.0482
2020/12/15 10:50,9.0967,9.1064,9.0675,9.0675,6444,6007731,-0.0292,-0.0032,0.0043,13,9.0655,9.0597,9.0485,9.0482
2020/12/15 11:00,9.0675,9.0772,9.048,9.0577,6261,5822561,-0.0097,-0.0011,0.0032,13,9.0733,9.0597,9.049,9.0472
2020/12/15 11:10,9.0577,9.0772,9.048,9.0577,2655,2470747,0,0,0.0032,13,9.0753,9.0587,9.0504,9.0459
2020/12/15 11:20,9.0577,9.0675,9.048,9.0577,2549,2371698,0,0,0.0022,13,9.0675,9.0587,9.0509,9.0449
2020/12/15 11:30,9.0577,9.0675,9.0383,9.0577,2903,2698252,0,0,0.0032,14,9.0597,9.0597,9.0524,9.0438
2020/12/15 13:10,9.0675,9.0675,9.0383,9.0383,3130,2908012,-0.0195,-0.0022,0.0032,13,9.0538,9.0597,9.0534,9.0428
2020/12/15 13:20,9.0383,9.048,9.0188,9.0383,6374,5910665,0,0,0.0032,13,9.05,9.0616,9.0543,9.0412
2020/12/15 13:30,9.0285,9.048,9.0285,9.048,2317,2150422,0.0097,0.0011,0.0022,13,9.048,9.0616,9.0553,9.0401
2020/12/15 13:40,9.0577,9.0675,9.0383,9.0577,3857,3584471,0.0097,0.0011,0.0032,13,9.048,9.0577,9.0563,9.0396
2020/12/15 13:50,9.0577,9.0675,9.048,9.0577,2078,1932731,0,0,0.0022,13,9.048,9.0538,9.0568,9.0389
2020/12/15 14:00,9.0577,9.087,9.0577,9.0772,3041,2833677,0.0195,0.0022,0.0032,13,9.0558,9.0548,9.0573,9.0386
2020/12/15 14:10,9.0772,9.087,9.0675,9.087,2618,2439236,0.0097,0.0011,0.0021,13,9.0655,9.0577,9.0587,9.0389
2020/12/15 14:20,9.087,9.1259,9.0772,9.087,16101,15058666,0,0,0.0054,13,9.0733,9.0607,9.0597,9.0392
2020/12/15 14:30,9.087,9.1064,9.087,9.087,5416,5057432,0,0,0.0021,13,9.0792,9.0636,9.0612,9.0402
2020/12/15 14:40,9.087,9.0967,9.0675,9.087,5575,5198447,0,0,0.0032,13,9.085,9.0665,9.0631,9.041
2020/12/15 14:50,9.087,9.0967,9.0772,9.087,8258,7709131,0,0,0.0021,13,9.087,9.0714,9.0655,9.042
2020/12/15 15:00,9.087,9.1064,9.087,9.0967,8891,8302278,0.0097,0.0011,0.0021,15,9.0889,9.0772,9.0694,9.0431
2020/12/16 9:40,nan,nan,nan,nan,nan,nan,nan,nan,nan,nan,nan,nan,nan,nan
2020/12/16 9:50,nan,nan,nan,nan,nan,nan,nan,nan,nan,nan,nan,nan,nan,nan
2020/12/16 10:00,nan,nan,nan,nan,nan,nan,nan,nan,nan,nan,nan,nan,nan,nan
2020/12/16 10:10,nan,nan,nan,nan,nan,nan,nan,nan,nan,nan,nan,nan,nan,nan
2020/12/16 10:20,nan,nan,nan,nan,nan,nan,nan,nan,nan,nan,nan,nan,nan,nan
2020/12/16 10:30,nan,nan,nan,nan,nan,nan,nan,nan,nan,nan,nan,nan,nan,nan
2020/12/16 10:40,nan,nan,nan,nan,nan,nan,nan,nan,nan,nan,nan,nan,nan,nan
2020/12/16 10:50,nan,nan,nan,nan,nan,nan,nan,nan,nan,nan,nan,nan,nan,nan
2020/12/16 11:00,nan,nan,nan,nan,nan,nan,nan,nan,nan,nan,nan,nan,nan,nan
2020/12/16 11:10,nan,nan,nan,nan,nan,nan,nan,nan,nan,nan,nan,nan,nan,nan
2020/12/16 11:20,nan,nan,nan,nan,nan,nan,nan,nan,nan,nan,nan,nan,nan,nan
2020/12/16 11:30,nan,nan,nan,nan,nan,nan,nan,nan,nan,nan,nan,nan,nan,nan
2020/12/16 13:10,nan,nan,nan,nan,nan,nan,nan,nan,nan,nan,nan,nan,nan,nan
2020/12/16 13:20,nan,nan,nan,nan,nan,nan,nan,nan,nan,nan,nan,nan,nan,nan
2020/12/16 13:30,nan,nan,nan,nan,nan,nan,nan,nan,nan,nan,nan,nan,nan,nan
2020/12/16 13:40,nan,nan,nan,nan,nan,nan,nan,nan,nan,nan,nan,nan,nan,nan
2020/12/16 13:50,nan,nan,nan,nan,nan,nan,nan,nan,nan,nan,nan,nan,nan,nan
2020/12/16 14:00,nan,nan,nan,nan,nan,nan,nan,nan,nan,nan,nan,nan,nan,nan
2020/12/16 14:10,nan,nan,nan,nan,nan,nan,nan,nan,nan,nan,nan,nan,nan,nan
2020/12/16 14:20,nan,nan,nan,nan,nan,nan,nan,nan,nan,nan,nan,nan,nan,nan
2020/12/16 14:30,nan,nan,nan,nan,nan,nan,nan,nan,nan,nan,nan,nan,nan,nan
2020/12/16 14:40,nan,nan,nan,nan,nan,nan,nan,nan,nan,nan,nan,nan,nan,nan
2020/12/16 14:50,nan,nan,nan,nan,nan,nan,nan,nan,nan,nan,nan,nan,nan,nan
2020/12/16 15:00,nan,nan,nan,nan,nan,nan,nan,nan,nan,nan,nan,nan,nan,nan
2020/12/17 9:40,8.9896,9.0285,8.9701,9.0188,15721,14521496,0.0195,0.0022,0.0065,13,9.0052,9.0227,9.0446,9.0527
2020/12/17 9:50,9.009,9.0577,8.9993,9.0285,9614,8922085,0.0097,0.0011,0.0065,13,9.009,9.0217,9.0446,9.0527
2020/12/17 10:00,9.0285,9.0383,8.9798,8.9993,8540,7902650,-0.0292,-0.0032,0.0065,13,9.011,9.0178,9.0412,9.0519
2020/12/17 10:10,8.9993,9.0188,8.9798,9.009,7939,7332721,0.0097,0.0011,0.0043,13,9.011,9.0139,9.0368,9.0516
2020/12/17 10:20,8.9993,9.0383,8.9896,9.0188,8148,7539206,0.0097,0.0011,0.0054,13,9.0149,9.012,9.0329,9.0516
2020/12/17 10:30,9.009,9.0285,8.9993,9.0188,7191,6650046,0,0,0.0032,13,9.0149,9.01,9.03,9.0516
2020/12/17 10:40,9.0188,9.0188,8.9993,9.0188,4739,4384252,0,0,0.0022,13,9.0129,9.011,9.0271,9.0514
2020/12/17 10:50,9.0188,9.0675,9.009,9.0675,9694,9000110,0.0487,0.0054,0.0065,13,9.0266,9.0188,9.0271,9.0519
2020/12/17 11:00,9.0772,9.1064,9.0675,9.087,18460,17228149,0.0195,0.0021,0.0043,13,9.0422,9.0266,9.0285,9.0526
2020/12/17 11:10,9.0772,9.1162,9.0772,9.0967,13751,12848733,0.0097,0.0011,0.0043,13,9.0577,9.0363,9.031,9.053
2020/12/17 11:20,9.0967,9.1649,9.0967,9.1551,23101,21677341,0.0584,0.0064,0.0075,13,9.085,9.05,9.0363,9.0547
2020/12/17 11:30,9.1551,9.1649,9.1357,9.1551,20941,19672859,0,0,0.0032,14,9.1123,9.0626,9.0422,9.0561
2020/12/17 13:10,9.1551,9.2038,9.1259,9.1844,24713,23272517,0.0292,0.0032,0.0085,13,9.1357,9.0811,9.0495,9.0582
2020/12/17 13:20,9.1844,9.272,9.1649,9.272,29446,27846769,0.0877,0.0095,0.0117,13,9.1727,9.1074,9.0607,9.062
2020/12/17 13:30,9.272,9.272,9.2136,9.2233,16932,16056135,-0.0487,-0.0053,0.0063,13,9.198,9.1279,9.0699,9.065
2020/12/17 13:40,9.2233,9.272,9.2136,9.2233,14825,14068974,0,0,0.0063,13,9.2116,9.1483,9.0792,9.0685
2020/12/17 13:50,9.2233,9.2623,9.2136,9.2331,15169,14402110,0.0097,0.0011,0.0053,13,9.2272,9.1697,9.0904,9.0715
2020/12/17 14:00,9.2233,9.2331,9.2038,9.2136,7830,7409580,-0.0195,-0.0021,0.0032,13,9.2331,9.1844,9.1016,9.0735
2020/12/17 14:10,9.2233,9.2331,9.2136,9.2233,7040,6665415,0.0097,0.0011,0.0021,13,9.2233,9.198,9.1123,9.0756
2020/12/17 14:20,9.2331,9.2331,9.1941,9.2233,9180,8685794,0,0,0.0042,13,9.2233,9.2107,9.1235,9.0782
2020/12/17 14:30,9.2233,9.2623,9.2136,9.2525,16073,15260550,0.0292,0.0032,0.0053,13,9.2292,9.2204,9.1352,9.0814
2020/12/17 14:40,9.2525,9.3402,9.2428,9.311,44222,42177157,0.0584,0.0063,0.0105,13,9.2447,9.236,9.1493,9.0857
2020/12/17 14:50,9.311,9.4084,9.311,9.3889,60898,58662644,0.0779,0.0084,0.0105,13,9.2798,9.2564,9.1688,9.0912
2020/12/17 15:00,9.3889,9.3889,9.3597,9.3694,35112,33807723,-0.0195,-0.0021,0.0031,15,9.309,9.2662,9.1868,9.0964
2020/12/18 9:40,9.3402,9.3694,9.2818,9.3305,31138,29805968,-0.039,-0.0042,0.0094,13,9.3305,9.2769,9.2024,9.1012
2020/12/18 9:50,9.3305,9.3597,9.2818,9.3499,16676,15945976,0.0195,0.0021,0.0084,13,9.3499,9.2895,9.2189,9.1064
2020/12/18 10:00,9.3499,9.3499,9.2428,9.2525,25540,24372824,-0.0974,-0.0104,0.0115,13,9.3382,9.2915,9.2306,9.1099
2020/12/18 10:10,9.2525,9.2915,9.2525,9.2623,14887,14163676,0.0097,0.0011,0.0042,13,9.3129,9.2964,9.2404,9.1133
2020/12/18 10:20,9.2623,9.272,9.2233,9.2428,15049,14287256,-0.0195,-0.0021,0.0053,13,9.2876,9.2983,9.2482,9.1163
2020/12/18 10:30,9.2428,9.2623,9.2233,9.2428,11588,10990959,0,0,0.0042,13,9.2701,9.3003,9.2555,9.1191
2020/12/18 10:40,9.2331,9.2623,9.2233,9.2623,12304,11672053,0.0195,0.0021,0.0042,13,9.2525,9.3012,9.2608,9.122
2020/12/18 10:50,9.272,9.311,9.2623,9.2623,11674,11123838,0,0,0.0053,13,9.2545,9.2964,9.2662,9.1249
2020/12/18 11:00,9.2623,9.2915,9.2525,9.2525,8837,8409129,-0.0097,-0.0011,0.0042,13,9.2525,9.2827,9.2696,9.1277
2020/12/18 11:10,9.2623,9.2818,9.2525,9.272,4461,4245006,0.0195,0.0021,0.0032,13,9.2584,9.273,9.2696,9.1308
2020/12/18 11:20,9.272,9.272,9.2428,9.272,2288,2174158,0,0,0.0032,13,9.2642,9.2671,9.272,9.1339
2020/12/18 11:30,9.272,9.3012,9.2623,9.2915,3702,3529238,0.0195,0.0021,0.0042,14,9.2701,9.2613,9.2754,9.1371
2020/12/18 13:10,9.3012,9.3012,9.272,9.272,8752,8342604,-0.0195,-0.0021,0.0031,13,9.272,9.2632,9.2774,9.1402
2020/12/18 13:20,9.272,9.272,9.2331,9.2428,14875,14117497,-0.0292,-0.0032,0.0042,13,9.2701,9.2613,9.2788,9.143
2020/12/18 13:30,9.2331,9.2525,9.2038,9.2428,17258,16336902,0,0,0.0053,13,9.2642,9.2613,9.2798,9.146
2020/12/18 13:40,9.2428,9.2428,9.2136,9.2233,6523,6180153,-0.0195,-0.0021,0.0032,13,9.2545,9.2594,9.2798,9.1493
2020/12/18 13:50,9.2233,9.2428,9.2136,9.2233,5608,5310763,0,0,0.0032,13,9.2408,9.2555,9.2783,9.1527
2020/12/18 14:00,9.2233,9.2915,9.2233,9.2818,9392,8923229,0.0584,0.0063,0.0074,13,9.2428,9.2574,9.2769,9.1569
2020/12/18 14:10,9.2818,9.2915,9.2428,9.2428,6311,6002886,-0.039,-0.0042,0.0052,13,9.2428,9.2564,9.2696,9.1598
2020/12/18 14:20,9.2428,9.272,9.2428,9.2623,3907,3713925,0.0195,0.0021,0.0032,13,9.2467,9.2555,9.2642,9.1626
2020/12/18 14:30,9.2623,9.3012,9.2623,9.272,8301,7912732,0.0097,0.0011,0.0042,13,9.2564,9.2555,9.2613,9.1655
2020/12/18 14:40,9.2818,9.2818,9.2525,9.2623,4391,4176964,-0.0097,-0.0011,0.0032,13,9.2642,9.2525,9.2569,9.1686
2020/12/18 14:50,9.2623,9.2623,9.2428,9.2623,8121,7711619,0,0,0.0021,13,9.2603,9.2516,9.2574,9.1717
2020/12/18 15:00,9.272,9.3012,9.2428,9.3012,19522,18595024,0.039,0.0042,0.0063,15,9.272,9.2574,9.2594,9.1756
2020/12/21 9:40,9.3012,9.3012,9.2038,9.2525,19145,18174616,-0.0487,-0.0052,0.0105,13,9.2701,9.2584,9.2598,9.1788
2020/12/21 9:50,9.2331,9.2623,9.2136,9.2623,10629,10084968,0.0097,0.0011,0.0053,13,9.2681,9.2623,9.2608,9.1824
2020/12/21 10:00,9.2525,9.272,9.2233,9.2331,11290,10715581,-0.0292,-0.0032,0.0053,13,9.2623,9.2632,9.2594,9.1855
2020/12/21 10:10,9.2331,9.3207,9.2331,9.3207,12973,12372618,0.0877,0.0095,0.0095,13,9.274,9.2671,9.2623,9.1902
2020/12/21 10:20,9.3207,9.3402,9.2915,9.311,14970,14324532,-0.0097,-0.001,0.0052,13,9.2759,9.274,9.2652,9.1947
2020/12/21 10:30,9.311,9.3791,9.3012,9.3597,19913,19116640,0.0487,0.0052,0.0084,13,9.2973,9.2837,9.2696,9.1999
2020/12/21 10:40,9.3597,9.4181,9.3499,9.3889,28097,27078605,0.0292,0.0031,0.0073,13,9.3227,9.2954,9.2754,9.2058
2020/12/21 10:50,9.3791,9.3889,9.3402,9.3694,14909,14331471,-0.0195,-0.0021,0.0052,13,9.3499,9.3061,9.2793,9.2113
2020/12/21 11:00,9.3694,9.3889,9.3499,9.3499,12242,11769412,-0.0195,-0.0021,0.0042,13,9.3558,9.3149,9.2832,9.217
2020/12/21 11:10,9.3597,9.3791,9.3305,9.3499,12466,11966268,0,0,0.0052,13,9.3636,9.3197,9.2886,9.223
2020/12/21 11:20,9.3499,9.3889,9.3402,9.3791,9832,9460179,0.0292,0.0031,0.0052,13,9.3675,9.3324,9.2954,9.2292
2020/12/21 11:30,9.3791,9.3889,9.3694,9.3694,3295,3172915,-0.0097,-0.001,0.0021,14,9.3636,9.3431,9.3027,9.2353
2020/12/21 13:10,9.3791,9.3889,9.3305,9.3597,9738,9357997,-0.0097,-0.001,0.0062,13,9.3616,9.3558,9.3095,9.241
2020/12/21 13:20,9.3597,9.3694,9.3499,9.3694,4662,4480596,0.0097,0.001,0.0021,13,9.3655,9.3606,9.3139,9.2467
2020/12/21 13:30,9.3597,9.3597,9.3305,9.3402,6668,6399578,-0.0292,-0.0031,0.0031,13,9.3636,9.3636,9.3188,9.2524
2020/12/21 13:40,9.3305,9.3597,9.3305,9.3402,4281,4109015,0,0,0.0031,13,9.3558,9.3616,9.3227,9.2579
2020/12/21 13:50,9.3402,9.3499,9.3305,9.3305,5815,5576941,-0.0097,-0.001,0.0021,13,9.348,9.3558,9.3256,9.2631
2020/12/21 14:00,9.3305,9.3499,9.3207,9.3402,10505,10067694,0.0097,0.001,0.0031,13,9.3441,9.3529,9.3295,9.2684
2020/12/21 14:10,9.3402,9.3402,9.2915,9.311,13704,13097134,-0.0292,-0.0031,0.0052,13,9.3324,9.349,9.3319,9.2733
2020/12/21 14:20,9.311,9.3207,9.3012,9.3207,3682,3519562,0.0097,0.001,0.0021,13,9.3285,9.346,9.3329,9.2775
2020/12/21 14:30,9.3207,9.3402,9.311,9.3207,4795,4590292,0,0,0.0031,13,9.3246,9.3402,9.3363,9.2814
2020/12/21 14:40,9.3207,9.4084,9.3207,9.3791,22406,21569501,0.0584,0.0063,0.0094,13,9.3343,9.3412,9.3421,9.2861
2020/12/21 14:50,9.3791,9.3889,9.3499,9.3694,12384,11912169,-0.0097,-0.001,0.0042,13,9.3402,9.3421,9.349,9.2897
2020/12/21 15:00,9.3694,9.3791,9.3499,9.3694,18998,18273493,0,0,0.0031,15,9.3519,9.3421,9.3514,9.2933
2020/12/22 9:40,9.3597,9.5155,9.311,9.4863,51422,49777855,0.1169,0.0125,0.0218,13,9.385,9.3567,9.3602,9.2983
2020/12/22 9:50,9.4863,9.5058,9.4376,9.4668,34370,33421468,-0.0195,-0.0021,0.0072,13,9.4142,9.3694,9.3655,9.3016
2020/12/22 10:00,9.4668,9.4765,9.4376,9.4376,19793,19216148,-0.0292,-0.0031,0.0041,13,9.4259,9.3801,9.3679,9.3051
2020/12/22 10:10,9.4376,9.4473,9.3986,9.4084,17934,17344203,-0.0292,-0.0031,0.0052,13,9.4337,9.3869,9.3699,9.3082
2020/12/22 10:20,9.4084,9.4278,9.3889,9.3986,13778,13304781,-0.0097,-0.001,0.0041,13,9.4395,9.3957,9.3723,9.311
2020/12/22 10:30,9.3986,9.4181,9.3889,9.3986,12282,11853684,0,0,0.0031,13,9.422,9.4035,9.3748,9.3141
2020/12/22 10:40,9.3986,9.4084,9.3402,9.3402,14316,13768512,-0.0584,-0.0062,0.0073,13,9.3967,9.4054,9.3728,9.316
2020/12/22 10:50,9.3402,9.3694,9.3305,9.3597,10426,10002926,0.0195,0.0021,0.0042,13,9.3811,9.4035,9.3723,9.3183
2020/12/22 11:00,9.3499,9.3597,9.3305,9.3402,8984,8619976,-0.0195,-0.0021,0.0031,13,9.3675,9.4006,9.3714,9.3197
2020/12/22 11:10,9.3499,9.3499,9.3207,9.3499,5521,5290997,0.0097,0.001,0.0031,13,9.3577,9.3986,9.3704,9.3204
2020/12/22 11:20,9.3499,9.3694,9.3305,9.3694,7912,7600151,0.0195,0.0021,0.0042,13,9.3519,9.3869,9.3718,9.3201
2020/12/22 11:30,9.3597,9.3889,9.3402,9.3889,7032,6756629,0.0195,0.0021,0.0052,14,9.3616,9.3791,9.3743,9.3204
2020/12/22 13:10,9.3791,9.3889,9.3402,9.3499,8163,7853204,-0.039,-0.0041,0.0052,13,9.3597,9.3704,9.3753,9.3207
2020/12/22 13:20,9.3499,9.3597,9.3012,9.311,14694,14058715,-0.039,-0.0042,0.0062,13,9.3538,9.3606,9.3738,9.3201
2020/12/22 13:30,9.3012,9.311,9.2525,9.2818,15417,14681479,-0.0292,-0.0031,0.0063,13,9.3402,9.349,9.3723,9.3205
2020/12/22 13:40,9.2818,9.2915,9.2623,9.272,6895,6571050,-0.0097,-0.001,0.0031,13,9.3207,9.3363,9.3699,9.3207
2020/12/22 13:50,9.272,9.2915,9.2623,9.2818,6689,6371004,0.0097,0.0011,0.0032,13,9.2993,9.3305,9.3679,9.3214
2020/12/22 14:00,9.2818,9.2818,9.2428,9.2428,11847,11258551,-0.039,-0.0042,0.0042,13,9.2779,9.3188,9.3611,9.3214
2020/12/22 14:10,9.2331,9.2331,9.1454,9.1454,33260,31377763,-0.0974,-0.0105,0.0095,13,9.2447,9.2993,9.3499,9.3194
2020/12/22 14:20,9.1454,9.1844,9.1454,9.1551,13775,12962256,0.0097,0.0011,0.0043,13,9.2194,9.2798,9.3392,9.3176
2020/12/22 14:30,9.1551,9.1649,9.1162,9.1454,18372,17222815,-0.0097,-0.0011,0.0053,13,9.1941,9.2574,9.3222,9.3158
2020/12/22 14:40,9.1454,9.1454,9.1064,9.1259,13517,12660088,-0.0195,-0.0021,0.0043,13,9.1629,9.2311,9.3051,9.3134
2020/12/22 14:50,9.1259,9.1357,9.0188,9.0577,35709,33210723,-0.0682,-0.0075,0.0128,13,9.1259,9.2019,9.2861,9.3098
2020/12/22 15:00,9.048,9.0675,9.0188,9.0383,33579,31174889,-0.0195,-0.0022,0.0054,15,9.1045,9.1746,9.2676,9.3056
2020/12/23 9:40,9.009,9.0967,8.9798,9.0772,36433,33814396,0.039,0.0043,0.0129,13,9.0889,9.1542,9.2516,9.3024
2020/12/23 9:50,9.0772,9.1454,9.0772,9.0967,23469,21941452,0.0195,0.0021,0.0075,13,9.0792,9.1366,9.2365,9.2999
2020/12/23 10:00,9.0967,9.1064,9.0383,9.048,14831,13811330,-0.0487,-0.0054,0.0075,13,9.0636,9.1133,9.2219,9.2967
2020/12/23 10:10,9.0577,9.087,9.0383,9.0675,13523,12575559,0.0195,0.0022,0.0054,13,9.0655,9.0957,9.2072,9.2941
2020/12/23 10:20,9.0675,9.1162,9.0577,9.1064,8030,7498002,0.039,0.0043,0.0064,13,9.0792,9.0918,9.1956,9.2921
2020/12/23 10:30,9.1064,9.1162,9.0577,9.087,7050,6579866,-0.0195,-0.0021,0.0064,13,9.0811,9.085,9.1824,9.2889
2020/12/23 10:40,9.0772,9.1162,9.0772,9.1064,7313,6831726,0.0195,0.0021,0.0043,13,9.0831,9.0811,9.1693,9.2866
2020/12/23 10:50,9.0967,9.1064,9.0772,9.0772,5288,4936092,-0.0292,-0.0032,0.0032,13,9.0889,9.0762,9.1537,9.2835
2020/12/23 11:00,9.0772,9.087,9.048,9.0577,7341,6832100,-0.0195,-0.0021,0.0043,13,9.087,9.0762,9.1391,9.28
2020/12/23 11:10,9.0577,9.1162,9.0285,9.0967,9698,9025118,0.039,0.0043,0.0097,13,9.085,9.0821,9.1284,9.2772
2020/12/23 11:20,9.1064,9.1941,9.0967,9.1844,20607,19350038,0.0877,0.0096,0.0107,13,9.1045,9.0928,9.1235,9.2759
2020/12/23 11:30,9.1844,9.1941,9.1454,9.1454,10127,9531525,-0.039,-0.0042,0.0053,14,9.1123,9.0977,9.1172,9.2733
2020/12/23 13:10,9.1551,9.1551,9.1357,9.1551,5103,4791329,0.0097,0.0011,0.0021,13,9.1279,9.1084,9.1108,9.2717
2020/12/23 13:20,9.1551,9.1649,9.1259,9.1357,4437,4167192,-0.0195,-0.0021,0.0043,13,9.1435,9.1152,9.1055,9.2696
2020/12/23 13:30,9.1357,9.1357,9.1064,9.1064,7602,7120171,-0.0292,-0.0032,0.0032,13,9.1454,9.1152,9.1035,9.2675
2020/12/23 13:40,9.1162,9.1259,9.0967,9.1162,6015,5629109,0.0097,0.0011,0.0032,13,9.1318,9.1181,9.1016,9.2641
2020/12/23 13:50,9.1162,9.1259,9.1064,9.1064,3322,3108194,-0.0097,-0.0011,0.0021,13,9.124,9.1181,9.0996,9.2607
2020/12/23 14:00,9.1064,9.1357,9.0967,9.0967,6434,6020297,-0.0097,-0.0011,0.0043,13,9.1123,9.1201,9.0982,9.2563
2020/12/23 14:10,9.087,9.1064,9.087,9.1064,6095,5693220,0.0097,0.0011,0.0021,13,9.1064,9.1249,9.1006,9.2516
2020/12/23 14:20,9.1064,9.1162,9.087,9.1162,3356,3136759,0.0097,0.0011,0.0032,13,9.1084,9.1269,9.1045,9.2473
2020/12/23 14:30,9.1162,9.1357,9.0967,9.1064,3496,3272885,-0.0097,-0.0011,0.0043,13,9.1064,9.1191,9.106,9.2433
2020/12/23 14:40,9.1064,9.1259,9.0967,9.1162,4160,3888958,0.0097,0.0011,0.0032,13,9.1084,9.1162,9.1069,9.2394
2020/12/23 14:50,9.1162,9.1259,9.087,9.1162,7463,6977812,0,0,0.0043,13,9.1123,9.1123,9.1103,9.235
2020/12/23 15:00,9.1162,9.1357,9.1064,9.1357,9796,9174834,0.0195,0.0021,0.0032,15,9.1181,9.1123,9.1137,9.2311
2020/12/24 9:40,9.0772,9.1844,9.0675,9.1746,11404,10676217,0.039,0.0043,0.0128,13,9.1298,9.1191,9.1172,9.228
2020/12/24 9:50,9.1746,9.1844,9.1357,9.1357,14045,13213675,-0.039,-0.0042,0.0053,13,9.1357,9.1211,9.1196,9.2241
2020/12/24 10:00,9.1454,9.1454,9.0967,9.1064,10140,9495673,-0.0292,-0.0032,0.0053,13,9.1337,9.1211,9.1196,9.2202
2020/12/24 10:10,9.1064,9.1064,9.0772,9.0967,9297,8680874,-0.0097,-0.0011,0.0032,13,9.1298,9.1211,9.1206,9.2162
2020/12/24 10:20,9.0967,9.1357,9.0967,9.1259,3868,3623644,0.0292,0.0032,0.0043,13,9.1279,9.123,9.124,9.2128
2020/12/24 10:30,9.1357,9.1357,9.1064,9.1064,2788,2610032,-0.0195,-0.0021,0.0032,13,9.1142,9.122,9.1245,9.2089
2020/12/24 10:40,9.1064,9.1357,9.087,9.1162,5026,4697368,0.0097,0.0011,0.0053,13,9.1103,9.123,9.1211,9.2056
2020/12/24 10:50,9.1162,9.1259,9.048,9.0577,16066,14962594,-0.0584,-0.0064,0.0085,13,9.1006,9.1172,9.1167,9.2012
2020/12/24 11:00,9.0577,9.0577,9.009,9.0577,14448,13399907,0,0,0.0054,13,9.0928,9.1113,9.1118,9.1969
2020/12/24 11:10,9.048,9.0675,9.0383,9.0383,5181,4816103,-0.0195,-0.0022,0.0032,13,9.0753,9.1016,9.1069,9.1912
2020/12/24 11:20,9.0383,9.0577,9.009,9.0383,7813,7240775,0,0,0.0054,13,9.0616,9.0879,9.1035,9.1857
2020/12/24 11:30,9.0383,9.0772,9.0383,9.0675,3544,3294269,0.0292,0.0032,0.0043,14,9.0519,9.0811,9.1011,9.1806
2020/12/24 13:10,9.0577,9.0675,9.0285,9.0383,2837,2634582,-0.0292,-0.0032,0.0043,13,9.048,9.0743,9.0977,9.1732
2020/12/24 13:20,9.0383,9.0577,9.0188,9.0383,7118,6598432,0,0,0.0043,13,9.0441,9.0685,9.0948,9.166
2020/12/24 13:30,9.0285,9.048,9.009,9.0285,8147,7548493,-0.0097,-0.0011,0.0043,13,9.0422,9.0587,9.0909,9.1592
2020/12/24 13:40,9.0383,9.087,9.0285,9.0383,6055,5626245,0.0097,0.0011,0.0065,13,9.0422,9.0519,9.087,9.153
2020/12/24 13:50,9.0383,9.048,9.009,9.0285,8494,7871245,-0.0097,-0.0011,0.0043,13,9.0344,9.0431,9.0831,9.1469
2020/12/24 14:00,9.0383,9.0577,9.009,9.0285,6405,5934756,0,0,0.0054,13,9.0324,9.0402,9.0787,9.1407
2020/12/24 14:10,9.0285,9.0577,9.0188,9.0383,4621,4285150,0.0097,0.0011,0.0043,13,9.0324,9.0383,9.0748,9.1357
2020/12/24 14:20,9.0383,9.0577,9.0188,9.0577,5869,5445812,0.0195,0.0022,0.0043,13,9.0383,9.0402,9.0709,9.1306
2020/12/24 14:30,9.0577,9.0772,9.0383,9.048,3793,3528392,-0.0097,-0.0011,0.0043,13,9.0402,9.0412,9.0646,9.1258
2020/12/24 14:40,9.048,9.0577,9.0188,9.048,9173,8508338,0,0,0.0043,13,9.0441,9.0392,9.0602,9.1207
2020/12/24 14:50,9.0577,9.0577,9.0285,9.0383,6866,6374296,-0.0097,-0.0011,0.0032,13,9.0461,9.0392,9.0568,9.1152
2020/12/24 15:00,9.0383,9.0383,9.0188,9.0285,12246,11350031,-0.0097,-0.0011,0.0022,15,9.0441,9.0383,9.0534,9.1092
2020/12/25 9:40,9.0577,9.0675,8.9798,9.048,12319,11425858,0.0195,0.0022,0.0097,13,9.0422,9.0402,9.0495,9.1042
2020/12/25 9:50,9.0285,9.048,9.0188,9.0285,5326,4941677,-0.0195,-0.0022,0.0032,13,9.0383,9.0392,9.0456,9.0995
2020/12/25 10:00,9.0285,9.048,8.9993,9.0383,7690,7115265,0.0097,0.0011,0.0054,13,9.0363,9.0402,9.0417,9.0954
2020/12/25 10:10,9.0383,9.0383,8.9993,9.0188,5474,5062867,-0.0195,-0.0022,0.0043,13,9.0324,9.0392,9.0397,9.0912
2020/12/25 10:20,9.0188,9.048,9.009,9.0383,3086,2861161,0.0195,0.0022,0.0043,13,9.0344,9.0392,9.0388,9.0871
2020/12/25 10:30,9.0383,9.048,9.0188,9.0285,3272,3034556,-0.0097,-0.0011,0.0032,13,9.0305,9.0363,9.0383,9.0836
2020/12/25 10:40,9.0285,9.1064,9.0188,9.1064,10822,10076503,0.0779,0.0086,0.0097,13,9.0461,9.0422,9.0417,9.0829
2020/12/25 10:50,9.1064,9.3499,9.1064,9.3402,63205,59848758,0.2337,0.0257,0.0267,13,9.1064,9.0714,9.0553,9.086
2020/12/25 11:00,9.3207,9.5058,9.2818,9.5058,111409,107560775,0.1656,0.0177,0.024,13,9.2038,9.1181,9.0787,9.092
2020/12/25 11:10,9.5058,9.5739,9.3597,9.3986,73345,71325063,-0.1071,-0.0113,0.0225,13,9.2759,9.1551,9.0967,9.0965
2020/12/25 11:20,9.3986,9.4571,9.3791,9.3986,25860,25010124,0,0,0.0083,13,9.3499,9.1902,9.1152,9.1022
2020/12/25 11:30,9.3986,9.4765,9.3791,9.4571,21893,21201015,0.0584,0.0062,0.0104,14,9.4201,9.2331,9.1361,9.1092
2020/12/25 13:10,9.4571,9.5058,9.3889,9.4084,32214,31291826,-0.0487,-0.0051,0.0124,13,9.4337,9.2701,9.1551,9.1147
2020/12/25 13:20,9.3986,9.4473,9.3986,9.4278,14923,14442808,0.0195,0.0021,0.0052,13,9.4181,9.311,9.1751,9.1202
2020/12/25 13:30,9.4376,9.5155,9.4278,9.4765,33686,32736083,0.0487,0.0052,0.0093,13,9.4337,9.3548,9.197,9.1274
2020/12/25 13:40,9.4765,9.5739,9.4473,9.4863,65578,64124693,0.0097,0.001,0.0134,13,9.4512,9.4006,9.2184,9.1344
2020/12/25 13:50,9.496,9.5447,9.4863,9.5252,26419,25828042,0.039,0.0041,0.0062,13,9.4649,9.4425,9.2423,9.1413
2020/12/25 14:00,9.5252,9.5252,9.4376,9.4473,19511,18967388,-0.0779,-0.0082,0.0092,13,9.4726,9.4532,9.2623,9.1473
2020/12/25 14:10,9.4473,9.4668,9.4278,9.4376,15539,15067001,-0.0097,-0.001,0.0041,13,9.4746,9.4464,9.2822,9.1529
2020/12/25 14:20,9.4376,9.4863,9.4376,9.4473,19177,18625410,0.0097,0.001,0.0052,13,9.4688,9.4512,9.3032,9.159
2020/12/25 14:30,9.4473,9.4668,9.4278,9.4473,15637,15173202,0,0,0.0041,13,9.461,9.4561,9.3231,9.1655
2020/12/25 14:40,9.4376,9.4473,9.4084,9.4181,16977,16423699,-0.0292,-0.0031,0.0041,13,9.4395,9.4522,9.3426,9.1709
2020/12/25 14:50,9.4181,9.4278,9.4084,9.4278,16501,15955141,0.0097,0.001,0.0021,13,9.4356,9.4541,9.3621,9.1749
2020/12/25 15:00,9.4181,9.4765,9.4181,9.4765,47730,46328133,0.0487,0.0052,0.0062,15,9.4434,9.459,9.385,9.1805
2020/12/28 9:40,9.3889,9.4765,9.3791,9.4765,70091,67780607,0,0,0.0103,13,9.4493,9.459,9.4069,9.1858
2020/12/28 9:50,9.4765,9.5155,9.4084,9.4473,39990,38893994,-0.0292,-0.0031,0.0113,13,9.4493,9.4551,9.4278,9.191
2020/12/28 10:00,9.4376,9.4765,9.3986,9.4278,20198,19574863,-0.0195,-0.0021,0.0082,13,9.4512,9.4454,9.4439,9.1964
2020/12/28 10:10,9.4278,9.4571,9.3791,9.4473,19242,18631480,0.0195,0.0021,0.0083,13,9.4551,9.4454,9.4493,9.2019
2020/12/28 10:20,9.4571,9.5155,9.4376,9.4765,37602,36616784,0.0292,0.0031,0.0082,13,9.4551,9.4493,9.4478,9.2081
2020/12/28 10:30,9.4765,9.5642,9.4571,9.5545,43353,42440108,0.0779,0.0082,0.0113,13,9.4707,9.46,9.4556,9.2157
2020/12/28 10:40,9.5447,9.6324,9.5447,9.6129,72115,71038798,0.0584,0.0061,0.0092,13,9.5038,9.4765,9.4663,9.2241
2020/12/28 10:50,9.6129,9.72,9.6129,9.6519,74428,73961315,0.039,0.0041,0.0111,13,9.5486,9.4999,9.4761,9.2331
2020/12/28 11:00,9.6616,9.6616,9.5837,9.6129,23624,23339733,-0.039,-0.004,0.0081,13,9.5817,9.5184,9.4863,9.2415
2020/12/28 11:10,9.6129,9.6324,9.5642,9.5739,14588,14379806,-0.039,-0.0041,0.0071,13,9.6012,9.5282,9.4936,9.2491
2020/12/28 11:20,9.5642,9.6032,9.5642,9.6032,8652,8508703,0.0292,0.0031,0.0041,13,9.6109,9.5408,9.4999,9.2572
2020/12/28 11:30,9.6032,9.6129,9.5642,9.5837,7354,7234222,-0.0195,-0.002,0.0051,14,9.6051,9.5545,9.5048,9.2647
2020/12/28 13:10,9.5837,9.5837,9.4765,9.5155,23466,22943952,-0.0682,-0.0071,0.0112,13,9.5778,9.5632,9.5043,9.2704
2020/12/28 13:20,9.5058,9.5155,9.4863,9.5058,9407,9176859,-0.0097,-0.001,0.0031,13,9.5564,9.5691,9.5072,9.2766
2020/12/28 13:30,9.5058,9.535,9.496,9.5155,6568,6413496,0.0097,0.001,0.0041,13,9.5447,9.573,9.5111,9.2834
2020/12/28 13:40,9.5155,9.5447,9.4863,9.5058,8324,8131281,-0.0097,-0.001,0.0061,13,9.5252,9.5681,9.514,9.2902
2020/12/28 13:50,9.5058,9.5155,9.4668,9.4863,11271,10980055,-0.0195,-0.002,0.0051,13,9.5058,9.5554,9.516,9.2962
2020/12/28 14:00,9.4863,9.496,9.4668,9.4863,11427,11124208,0,0,0.0031,13,9.4999,9.5389,9.5194,9.3025
2020/12/28 14:10,9.4863,9.5058,9.4473,9.4473,11681,11365683,-0.039,-0.0041,0.0062,13,9.4882,9.5223,9.5204,9.3081
2020/12/28 14:20,9.4571,9.4863,9.4376,9.4863,8298,8060538,0.039,0.0041,0.0052,13,9.4824,9.5136,9.5209,9.3152
2020/12/28 14:30,9.4863,9.4863,9.4571,9.4668,8374,8141652,-0.0195,-0.0021,0.0031,13,9.4746,9.4999,9.5204,9.322
2020/12/28 14:40,9.4668,9.4765,9.4571,9.4765,9791,9517664,0.0097,0.001,0.0021,13,9.4726,9.4892,9.5218,9.3293
2020/12/28 14:50,9.4668,9.496,9.4571,9.4765,18798,18283319,0,0,0.0041,13,9.4707,9.4853,9.5243,9.3366
2020/12/28 15:00,9.4765,9.496,9.4571,9.4765,31140,30296576,0,0,0.0041,15,9.4765,9.4824,9.5257,9.3434
2020/12/29 9:40,9.496,9.6129,9.4765,9.5447,54418,53276943,0.0682,0.0072,0.0144,13,9.4882,9.4853,9.5291,9.3519
2020/12/29 9:50,9.5642,9.6519,9.5252,9.6226,56311,55551266,0.0779,0.0082,0.0133,13,9.5194,9.497,9.5325,9.3616
2020/12/29 10:00,9.6226,9.6811,9.496,9.5058,54170,53348445,-0.1169,-0.0121,0.0192,13,9.5252,9.4989,9.5272,9.3696
2020/12/29 10:10,9.5058,9.5545,9.4668,9.5155,25202,24578087,0.0097,0.001,0.0092,13,9.533,9.5019,9.5204,9.3775
2020/12/29 10:20,9.5155,9.5155,9.4668,9.5058,19873,19361833,-0.0097,-0.001,0.0051,13,9.5389,9.5077,9.515,9.3855
2020/12/29 10:30,9.5058,9.5642,9.4863,9.5447,11310,11051410,0.039,0.0041,0.0082,13,9.5389,9.5136,9.5136,9.3941
2020/12/29 10:40,9.5545,9.6129,9.535,9.6129,19517,19187974,0.0682,0.0071,0.0082,13,9.5369,9.5282,9.514,9.4037
2020/12/29 10:50,9.6032,9.6616,9.5545,9.6226,29331,28975242,0.0097,0.001,0.0111,13,9.5603,9.5428,9.516,9.4131
2020/12/29 11:00,9.6129,9.6226,9.5545,9.6129,16023,15784452,-0.0097,-0.001,0.0071,13,9.5798,9.5564,9.5209,9.4225
2020/12/29 11:10,9.6129,9.6616,9.5934,9.6421,21919,21685745,0.0292,0.003,0.0071,13,9.6071,9.573,9.5277,9.4324
2020/12/29 11:20,9.6519,9.6616,9.5545,9.5545,15480,15277925,-0.0877,-0.0091,0.0111,13,9.609,9.5739,9.5296,9.441
2020/12/29 11:30,9.5545,9.5642,9.5252,9.5252,12959,12702936,-0.0292,-0.0031,0.0041,14,9.5915,9.5642,9.5306,9.4493
2020/12/29 13:10,9.5545,9.5545,9.496,9.535,22009,21506828,0.0097,0.001,0.0061,13,9.5739,9.5671,9.533,9.4574
2020/12/29 13:20,9.5252,9.5447,9.5058,9.5155,14500,14171288,-0.0195,-0.002,0.0041,13,9.5545,9.5671,9.5345,9.4655
2020/12/29 13:30,9.5155,9.5545,9.5058,9.5545,7510,7355323,0.039,0.0041,0.0051,13,9.5369,9.572,9.5399,9.4741
2020/12/29 13:40,9.5447,9.5545,9.5058,9.535,10496,10271228,-0.0195,-0.002,0.0051,13,9.533,9.571,9.5423,9.4827
2020/12/29 13:50,9.535,9.5739,9.496,9.5058,11969,11724182,-0.0292,-0.0031,0.0082,13,9.5291,9.5603,9.5442,9.4905
2020/12/29 14:00,9.5058,9.5155,9.4765,9.496,9563,9325169,-0.0097,-0.001,0.0041,13,9.5213,9.5476,9.5452,9.4983
2020/12/29 14:10,9.496,9.5058,9.4473,9.4571,18192,17689354,-0.039,-0.0041,0.0062,13,9.5097,9.5321,9.5442,9.5041
2020/12/29 14:20,9.4473,9.5058,9.4376,9.4765,14952,14532658,0.0195,0.0021,0.0072,13,9.4941,9.5155,9.5442,9.5064
2020/12/29 14:30,9.4863,9.5155,9.4668,9.4668,8541,8321296,-0.0097,-0.001,0.0051,13,9.4804,9.5067,9.5403,9.5058
2020/12/29 14:40,9.4765,9.496,9.4473,9.4571,12904,12548069,-0.0097,-0.001,0.0051,13,9.4707,9.4999,9.5321,9.5067
2020/12/29 14:50,9.4571,9.4863,9.4376,9.4668,14904,14482028,0.0097,0.001,0.0051,13,9.4649,9.4931,9.5301,9.5079
2020/12/29 15:00,9.4668,9.4765,9.4473,9.4668,21569,20958014,0,0,0.0031,15,9.4668,9.4882,9.5277,9.508
2020/12/30 9:40,9.4278,9.5545,9.3986,9.4765,47161,45890929,0.0097,0.001,0.0165,13,9.4668,9.4804,9.5262,9.5092
2020/12/30 9:50,9.4863,9.5252,9.4278,9.4765,26424,25715624,0,0,0.0103,13,9.4688,9.4746,9.5228,9.51
2020/12/30 10:00,9.4863,9.5934,9.4863,9.5447,32355,31683440,0.0682,0.0072,0.0113,13,9.4863,9.4785,9.5194,9.5111
2020/12/30 10:10,9.5545,9.6519,9.5252,9.6129,56301,55517078,0.0682,0.0071,0.0133,13,9.5155,9.4902,9.5189,9.5132
2020/12/30 10:20,9.6226,9.6908,9.6129,9.6713,65038,64523109,0.0584,0.0061,0.0081,13,9.5564,9.5116,9.5218,9.5157
2020/12/30 10:30,9.6713,9.6811,9.6226,9.6519,36726,36412867,-0.0195,-0.002,0.006,13,9.5915,9.5291,9.5223,9.5191
2020/12/30 10:40,9.6519,9.7103,9.6226,9.6226,54036,53705931,-0.0292,-0.003,0.0091,13,9.6207,9.5447,9.5257,9.5222
2020/12/30 10:50,9.6324,9.6616,9.6129,9.6324,18853,18653228,0.0097,0.001,0.0051,13,9.6382,9.5623,9.5311,9.5252
2020/12/30 11:00,9.6324,9.6616,9.6129,9.6616,15817,15659013,0.0292,0.003,0.0051,13,9.648,9.5817,9.5374,9.5288
2020/12/30 11:10,9.6616,9.7103,9.6421,9.6519,33201,33000303,-0.0097,-0.001,0.0071,13,9.6441,9.6002,9.5442,9.5327
2020/12/30 11:20,9.6519,9.6713,9.6324,9.6616,9236,9152685,0.0097,0.001,0.004,13,9.646,9.6187,9.5496,9.5366
2020/12/30 11:30,9.6519,9.7006,9.6519,9.7006,34758,34556965,0.039,0.004,0.005,14,9.6616,9.6411,9.5579,9.5403
2020/12/30 13:10,9.7103,9.759,9.7006,9.7103,65534,65455988,0.0097,0.001,0.006,13,9.6772,9.6577,9.5681,9.5442
2020/12/30 13:20,9.7006,9.7103,9.6713,9.6713,16246,16164205,-0.039,-0.004,0.004,13,9.6791,9.6635,9.5769,9.548
2020/12/30 13:30,9.6713,9.7006,9.6519,9.7006,15938,15832413,0.0292,0.003,0.005,13,9.6889,9.6665,9.589,9.5525
2020/12/30 13:40,9.7006,9.72,9.6713,9.6713,13446,13389089,-0.0292,-0.003,0.005,13,9.6908,9.6684,9.5988,9.5562
2020/12/30 13:50,9.6713,9.6811,9.6324,9.6616,16270,16116934,-0.0097,-0.001,0.005,13,9.683,9.6723,9.6085,9.5593
2020/12/30 14:00,9.6616,9.6713,9.6421,9.6519,9637,9553169,-0.0097,-0.001,0.003,13,9.6713,9.6743,9.6183,9.561
2020/12/30 14:10,9.6519,9.7298,9.6421,9.7103,26840,26711862,0.0584,0.0061,0.0091,13,9.6791,9.6791,9.6304,9.5626
2020/12/30 14:20,9.7103,9.7298,9.6713,9.6811,18575,18512148,-0.0292,-0.003,0.006,13,9.6752,9.682,9.6411,9.5631
2020/12/30 14:30,9.6811,9.7298,9.6713,9.72,21619,21536107,0.039,0.004,0.006,13,9.685,9.6879,9.6533,9.5648
2020/12/30 14:40,9.72,9.7979,9.7103,9.7785,77320,77434605,0.0584,0.006,0.009,13,9.7083,9.6957,9.6684,9.5683
2020/12/30 14:50,9.7785,9.7979,9.7103,9.7395,42570,42624745,-0.039,-0.004,0.009,13,9.7259,9.6986,9.6782,9.5705
2020/12/30 15:00,9.7395,9.7882,9.7298,9.7882,69240,69462577,0.0487,0.005,0.006,15,9.7415,9.7103,9.6869,9.5739
2020/12/31 9:40,9.8272,10.022,9.759,10.0122,148219,150394410,0.224,0.0229,0.0269,13,9.8077,9.7415,9.704,9.5822
2020/12/31 9:50,10.022,10.0901,9.9246,10.0707,107634,110554437,0.0584,0.0058,0.0165,13,9.8778,9.7814,9.7249,9.5916
2020/12/31 10:00,10.0609,10.2265,10.0609,10.0901,137805,143727785,0.0195,0.0019,0.0164,13,9.9401,9.8242,9.7483,9.6012
2020/12/31 10:10,10.0999,10.1778,10.0707,10.0999,69631,72347387,0.0097,0.001,0.0106,13,10.0122,9.869,9.7717,9.6111
2020/12/31 10:20,10.0999,10.1194,10.0317,10.0414,42487,43972112,-0.0584,-0.0058,0.0087,13,10.0629,9.9022,9.7906,9.6204
2020/12/31 10:30,10.0414,10.0707,9.9343,9.9635,59307,60833565,-0.0779,-0.0078,0.0136,13,10.0531,9.9304,9.8062,9.6283
2020/12/31 10:40,9.9635,10.022,9.9148,10.022,39024,39954214,0.0584,0.0059,0.0108,13,10.0434,9.9606,9.8242,9.6379
2020/12/31 10:50,10.022,10.0317,9.8953,9.9246,36233,36979370,-0.0974,-0.0097,0.0136,13,10.0103,9.9752,9.8354,9.6452
2020/12/31 11:00,9.9246,9.9927,9.9148,9.9538,25464,25978544,0.0292,0.0029,0.0079,13,9.9811,9.9966,9.8476,9.6533
2020/12/31 11:10,9.9635,9.983,9.8077,9.8272,36332,36941996,-0.1266,-0.0127,0.0176,13,9.9382,10.0005,9.8554,9.6592
2020/12/31 11:20,9.8174,9.8953,9.8174,9.8856,38475,38958645,0.0584,0.0059,0.0079,13,9.9226,9.9879,9.8647,9.666
2020/12/31 11:30,9.8759,9.8953,9.8369,9.8661,23772,24072203,-0.0195,-0.002,0.0059,14,9.8914,9.9674,9.8744,9.6725
2020/12/31 13:10,9.8661,9.9246,9.8661,9.8759,21605,21938742,0.0097,0.001,0.0059,13,9.8817,9.946,9.8851,9.678
2020/12/31 13:20,9.8759,9.9635,9.8466,9.9246,20238,20569350,0.0487,0.0049,0.0118,13,9.8759,9.9285,9.8988,9.683
2020/12/31 13:30,9.9343,9.9538,9.8759,9.8856,20922,21295326,-0.039,-0.0039,0.0079,13,9.8876,9.9129,9.9075,9.6894
2020/12/31 13:40,9.8856,9.8953,9.8564,9.8661,16224,16449606,-0.0195,-0.002,0.0039,13,9.8837,9.9031,9.9168,9.6952
2020/12/31 13:50,9.8759,9.9733,9.8564,9.9538,21373,21747389,0.0877,0.0089,0.0118,13,9.9012,9.8963,9.9285,9.7027
2020/12/31 14:00,9.9635,9.9733,9.9148,9.9343,17721,18099850,-0.0195,-0.002,0.0059,13,9.9129,9.8973,9.9362,9.7092
2020/12/31 14:10,9.944,9.9538,9.9051,9.9343,28055,28611311,0,0,0.0049,13,9.9148,9.8953,9.946,9.7145
2020/12/31 14:20,9.9343,9.9343,9.7882,9.8077,46056,46551711,-0.1266,-0.0127,0.0147,13,9.8992,9.8934,9.947,9.7176
2020/12/31 14:30,9.8174,9.9343,9.8077,9.9343,43677,44320507,0.1266,0.0129,0.0129,13,9.9129,9.8983,9.9431,9.723
2020/12/31 14:40,9.9343,9.9635,9.8953,9.9343,51119,52158937,0,0,0.0069,13,9.909,9.9051,9.9362,9.7278
2020/12/31 14:50,9.9343,9.9635,9.9148,9.9246,59985,61229484,-0.0097,-0.001,0.0049,13,9.907,9.91,9.928,9.734
2020/12/31 15:00,9.9246,9.9343,9.8466,9.8759,71518,72557961,-0.0487,-0.0049,0.0088,15,9.8953,9.9051,9.9168,9.7398
2021/1/4 9:40,9.8661,9.9343,9.6713,9.7395,183758,184459388,-0.1364,-0.0138,0.0266,13,9.8817,9.8905,9.9017,9.7432
2021/1/4 9:50,9.7395,9.759,9.6519,9.6713,85761,85428075,-0.0682,-0.007,0.011,13,9.8291,9.871,9.8871,9.7458
2021/1/4 10:00,9.6713,9.72,9.6519,9.6713,50204,49935709,0,0,0.007,13,9.7765,9.8427,9.8695,9.7478
2021/1/4 10:10,9.6713,9.759,9.6713,9.72,38850,38747618,0.0487,0.005,0.0091,13,9.7356,9.8213,9.8593,9.7509
2021/1/4 10:20,9.72,9.7785,9.6811,9.6908,31242,31187479,-0.0292,-0.003,0.01,13,9.6986,9.797,9.8462,9.754
2021/1/4 10:30,9.7006,9.7785,9.6811,9.72,20916,20862793,0.0292,0.003,0.0101,13,9.6947,9.7882,9.8408,9.7577
2021/1/4 10:40,9.72,9.8759,9.72,9.8466,46003,46389419,0.1266,0.013,0.016,13,9.7298,9.7794,9.8389,9.7642
2021/1/4 10:50,9.8174,9.9148,9.8174,9.8369,44515,45095537,-0.0097,-0.001,0.0099,13,9.7629,9.7697,9.8374,9.7702
2021/1/4 11:00,9.8272,9.9148,9.8077,9.8856,20271,20555886,0.0487,0.005,0.0109,13,9.796,9.7658,9.8379,9.7772
2021/1/4 11:10,9.8759,9.9246,9.8564,9.9051,24533,24933617,0.0195,0.002,0.0069,13,9.8389,9.7687,9.8369,9.7846
2021/1/4 11:20,9.9148,9.9246,9.8564,9.8661,18937,19244696,-0.039,-0.0039,0.0069,13,9.8681,9.7814,9.8359,9.7913
2021/1/4 11:30,9.8661,9.9733,9.8564,9.944,27902,28421997,0.0779,0.0079,0.0118,14,9.8876,9.8087,9.8398,9.7992
2021/1/4 13:10,9.9538,10.0122,9.9538,10.0025,57882,59317301,0.0584,0.0059,0.0059,13,9.9207,9.8418,9.8423,9.808
2021/1/4 13:20,10.0025,10.0122,9.9538,9.983,28387,29085484,-0.0195,-0.0019,0.0058,13,9.9401,9.8681,9.8447,9.8165
2021/1/4 13:30,9.983,10.0609,9.9635,9.9635,41291,42455793,-0.0195,-0.002,0.0098,13,9.9518,9.8953,9.8462,9.8234
2021/1/4 13:40,9.9538,9.983,9.9246,9.9343,21426,21877362,-0.0292,-0.0029,0.0059,13,9.9655,9.9168,9.8525,9.8288
2021/1/4 13:50,9.9246,9.9733,9.9148,9.9343,16997,17342408,0,0,0.0059,13,9.9635,9.9255,9.8525,9.8332
2021/1/4 14:00,9.9343,9.9635,9.9051,9.944,16218,16549420,0.0097,0.001,0.0059,13,9.9518,9.9362,9.853,9.838
2021/1/4 14:10,9.944,9.9733,9.9246,9.9538,21544,22004874,0.0097,0.001,0.0049,13,9.946,9.9431,9.8544,9.8436
2021/1/4 14:20,9.9538,10.0122,9.9343,9.983,25539,26180229,0.0292,0.0029,0.0078,13,9.9499,9.9509,9.8598,9.8494
2021/1/4 14:30,9.983,10.0414,9.9635,10.0122,35719,36732074,0.0292,0.0029,0.0078,13,9.9655,9.9655,9.8734,9.8552
2021/1/4 14:40,10.0122,10.0317,9.9538,9.9733,24543,25193903,-0.039,-0.0039,0.0078,13,9.9733,9.9684,9.8885,9.8606
2021/1/4 14:50,9.9733,10.0122,9.9538,9.9538,34420,35288062,-0.0195,-0.002,0.0059,13,9.9752,9.9635,9.9026,9.8655
2021/1/4 15:00,9.9538,9.9635,9.9148,9.9343,40141,40948171,-0.0195,-0.002,0.0049,15,9.9713,9.9586,9.9134,9.8694
2021/1/5 9:40,9.8272,10.0025,9.7785,9.983,79341,80437000,0.0487,0.0049,0.0225,13,9.9713,9.9606,9.928,9.8739
2021/1/5 9:50,9.983,10.0317,9.8466,9.8661,62494,63751796,-0.1169,-0.0117,0.0185,13,9.9421,9.9538,9.9353,9.8772
2021/1/5 10:00,9.8661,9.8856,9.8272,9.8466,31302,31664534,-0.0195,-0.002,0.0059,13,9.9168,9.945,9.9353,9.8796
2021/1/5 10:10,9.8369,9.9538,9.8077,9.9538,33664,34164891,0.1071,0.0109,0.0148,13,9.9168,9.946,9.9411,9.8843
2021/1/5 10:20,9.9538,10.0025,9.8759,9.8856,37409,38229538,-0.0682,-0.0068,0.0127,13,9.907,9.9392,9.9411,9.888
2021/1/5 10:30,9.8856,9.8856,9.8369,9.8661,23803,24091287,-0.0195,-0.002,0.0049,13,9.8837,9.9275,9.9392,9.8916