datetime,open,high,low,close,vol,amount,openinterest
2015/1/5 9:16,3619,3628,3616.6,3619.8,17801,19342731300,131057
2015/1/5 9:17,3620.2,3620.2,3613.6,3617.8,5792,6285823440,131143
2015/1/5 9:18,3618,3618.6,3614.6,3616.4,3909,4240387440,131229
2015/1/5 9:19,3616,3618,3613.2,3616.4,3405,3693704460,131662
2015/1/5 9:20,3616.8,3619,3616.4,3618,2715,2946851280,132219
2015/1/5 9:21,3618.2,3618.6,3616.4,3618,2064,2239979880,132603
2015/1/5 9:22,3618.4,3618.4,3615.2,3615.4,1966,2133071220,132797
2015/1/5 9:23,3615.2,3617.6,3614.6,3617.2,2010,2180324520,132766
2015/1/5 9:24,3617,3618,3613.2,3613.6,2066,2240814240,132692
2015/1/5 9:25,3613.8,3615,3611.2,3612,2988,3238728780,132777
2015/1/5 9:26,3613,3613.2,3605.8,3609.2,5283,5718816840,132837
2015/1/5 9:27,3609.4,3611.8,3608.4,3609.6,3149,3410313900,132802
2015/1/5 9:28,3609.2,3614.4,3609.2,3611.8,3265,3538353000,132788
2015/1/5 9:29,3612,3612.6,3610.4,3612.6,1290,1397699580,132978
2015/1/5 9:30,3612.2,3613.4,3608.8,3608.8,2437,2639898600,133169
2015/1/5 9:31,3608,3612.8,3604.6,3607,5152,5576744220,133908
2015/1/5 9:32,3606.8,3611.6,3606.4,3610,3067,3321197940,133826
2015/1/5 9:33,3610,3614.8,3608,3614.2,4780,5180744940,134333
2015/1/5 9:34,3614.2,3615,3611.2,3613.8,3339,3619588560,134701
2015/1/5 9:35,3613.6,3614.6,3608.8,3610,3688,3995739420,135087
2015/1/5 9:36,3610.2,3612,3609,3610.6,3401,3683761320,135625
2015/1/5 9:37,3610.4,3611.6,3607.6,3608,4284,4638726360,135786
2015/1/5 9:38,3608.2,3609.6,3603,3608.8,5424,5868692820,135753
2015/1/5 9:39,3608.4,3613.6,3607.6,3613,4572,4952692500,135705
2015/1/5 9:40,3612.8,3614.4,3609.2,3612,4096,4438732020,136083
2015/1/5 9:41,3611.4,3613.6,3606.6,3606.6,4366,4728810660,135975
2015/1/5 9:42,3607.2,3609.4,3605.8,3606.6,3568,3861093960,136429
2015/1/5 9:43,3606,3607.6,3604.6,3607.4,2919,3157675440,136414
2015/1/5 9:44,3607.4,3612.6,3606,3612,4704,5093804880,136624
2015/1/5 9:45,3611.6,3611.8,3608.6,3610.8,2654,2874627960,136704
2015/1/5 9:46,3610.8,3612,3609.8,3611,1855,2009502420,136738
2015/1/5 9:47,3611.2,3612.4,3607.8,3612.2,3395,3676618320,137284
2015/1/5 9:48,3613,3616.4,3611.2,3613.4,5555,6022586100,137153
2015/1/5 9:49,3613.4,3616.8,3612.2,3615.6,3684,3995027040,137816
2015/1/5 9:50,3615.6,3617.6,3614,3617.6,3826,4150200780,138091
2015/1/5 9:51,3617.6,3617.6,3612.6,3613.6,4497,4876569420,138727
2015/1/5 9:52,3613.4,3613.4,3609,3609.8,4411,4778708880,139363
2015/1/5 9:53,3609.4,3611,3608,3608.6,3010,3259577040,139691
2015/1/5 9:54,3608.4,3609.8,3603.8,3603.8,5000,5410851480,139950
2015/1/5 9:55,3603.8,3606,3601.6,3602.4,6778,7327150200,140207
2015/1/5 9:56,3602.4,3604,3601,3603.2,4087,4416890640,140772
2015/1/5 9:57,3603.8,3607.4,3603.4,3606,4586,4960648200,141113
2015/1/5 9:58,3606,3607.4,3605,3605,2359,2552144700,140913
2015/1/5 9:59,3605,3609.8,3605,3608.2,3143,3401901360,140715
2015/1/5 10:00,3607.8,3609.6,3605.4,3609,2432,2631801900,140884
2015/1/5 10:01,3609.4,3610.2,3607.8,3607.8,2169,2348338200,140774
2015/1/5 10:02,3608,3615.8,3607.8,3614.4,5377,5828254860,139893
2015/1/5 10:03,3614.6,3615.4,3612,3615.2,2759,2991134100,140032
2015/1/5 10:04,3615.6,3618.6,3613.8,3614.6,5112,5546208180,140771
2015/1/5 10:05,3614.6,3615.6,3612.6,3613.2,2824,3061564800,141320
2015/1/5 10:06,3613.2,3613.8,3612.4,3612.6,1572,1703868060,141475
2015/1/5 10:07,3612.6,3613.8,3612,3612,1745,1891254540,141738
2015/1/5 10:08,3611.6,3612.2,3609.2,3611.6,3390,3671932980,141801
2015/1/5 10:09,3612,3614,3609.8,3613.2,3706,4016111940,142046
2015/1/5 10:10,3613.4,3614.2,3610,3610.4,2235,2421530640,142423
2015/1/5 10:11,3609.4,3610,3605.8,3609,4084,4420922700,142383
2015/1/5 10:12,3609,3611.8,3606.8,3607.2,2788,3019081140,142369
2015/1/5 10:13,3606.8,3607.6,3602,3602,4913,5313542820,142554
2015/1/5 10:14,3602.2,3604,3599,3599,6912,7468276260,143715
2015/1/5 10:15,3599,3600.8,3598,3598,6381,6890228340,143740
2015/1/5 10:16,3597.8,3598.4,3592.6,3593,7833,8449180500,143645
2015/1/5 10:17,3593.4,3598.4,3592.8,3598.2,6159,6643782480,143311
2015/1/5 10:18,3598.4,3599.6,3596.6,3597.8,4026,4345802100,143888
2015/1/5 10:19,3597.8,3597.8,3595.2,3596.4,3002,3239024880,143907
2015/1/5 10:20,3596.4,3601.6,3596.4,3600.2,4311,4655111580,143783
2015/1/5 10:21,3600,3602.6,3599.4,3602.2,3070,3316591320,143714
2015/1/5 10:22,3601.8,3601.8,3592.6,3595.8,5275,5690659740,143854
2015/1/5 10:23,3595.6,3600.6,3594.8,3598.8,3166,3416959560,144180
2015/1/5 10:24,3598.6,3601.8,3598,3600.4,3041,3284466120,144487
2015/1/5 10:25,3599.8,3600.8,3595.6,3595.6,2676,2889078120,144692
2015/1/5 10:26,3595.6,3598.6,3593,3596.2,3454,3725495640,144834
2015/1/5 10:27,3596.6,3596.6,3585.8,3588,7252,7810439220,144571
2015/1/5 10:28,3588,3593.8,3587.4,3592,4811,5182382940,144843
2015/1/5 10:29,3592,3598.2,3592,3597.8,4196,4526594100,144988
2015/1/5 10:30,3597.6,3600,3597,3597.8,3178,3430565820,145166
2015/1/5 10:31,3596.8,3602.2,3596,3602.2,4313,4656890400,145150
2015/1/5 10:32,3602.8,3604.8,3602,3604.4,4947,5347597320,144901
2015/1/5 10:33,3604.4,3607.2,3604.2,3606,5044,5456306520,144735
2015/1/5 10:34,3605.8,3607.2,3605,3605,3329,3601170420,144790
2015/1/5 10:35,3604.6,3606.4,3603.8,3606.2,3222,3484618860,144943
2015/1/5 10:36,3605.8,3607.4,3602.6,3602.6,3285,3552892620,144754
2015/1/5 10:37,3602.4,3610.4,3602.4,3610,5391,5835026160,144457
2015/1/5 10:38,3609.8,3610.2,3606.6,3607.4,3164,3425507760,144325
2015/1/5 10:39,3607.8,3608.4,3593.8,3599,8477,9153655140,143068
2015/1/5 10:40,3599,3604.8,3598,3604.6,5047,5454184140,143298
2015/1/5 10:41,3604.4,3606.6,3602.2,3606.2,3833,4144356900,144157
2015/1/5 10:42,3605.8,3606,3601,3602,3685,3983068620,144334
2015/1/5 10:43,3602.4,3602.8,3599.2,3601,2332,2519122980,144394
2015/1/5 10:44,3601,3605,3600.4,3603,2347,2537083080,144447
2015/1/5 10:45,3603.6,3606.4,3602.8,3604.8,2051,2218107240,144654
2015/1/5 10:46,3604.6,3604.6,3598.4,3599.6,4174,4508968560,144475
2015/1/5 10:47,3599.6,3604,3597.4,3601,3223,3481600860,144716
2015/1/5 10:48,3601,3601.6,3597.2,3598.8,3020,3260405820,145252
2015/1/5 10:49,3598.4,3599.6,3595.4,3596.4,2681,2893386660,145427
2015/1/5 10:50,3596.2,3599.4,3596,3599,2353,2539703040,145475
2015/1/5 10:51,3599,3601,3597.4,3597.4,2489,2687636580,145562
2015/1/5 10:52,3597.4,3607.2,3597,3605.8,4922,5322236280,145184
2015/1/5 10:53,3605.8,3606,3599.6,3600,3239,3499888560,145226
2015/1/5 10:54,3600.2,3600.6,3595.8,3598,3787,4087315380,145354
2015/1/5 10:55,3598.2,3599.4,3593,3593,3440,3711373380,145363
2015/1/5 10:56,3592.2,3597.8,3591.4,3596,3940,4248963480,145118
2015/1/5 10:57,3596.2,3598.8,3594,3596.2,2712,2926042440,145397
2015/1/5 10:58,3596.6,3598.8,3595.4,3597.6,2170,2341945140,145669
2015/1/5 10:59,3597.8,3598.4,3594.8,3598.2,2111,2277624180,145761
2015/1/5 11:00,3598.4,3600.4,3596.2,3598.8,2613,2821098420,145735
2015/1/5 11:01,3598.4,3602.2,3596.8,3601.4,3153,3405277980,145540
2015/1/5 11:02,3602,3603,3597.4,3601.8,3068,3313902360,145686
2015/1/5 11:03,3601.6,3604.2,3600.4,3603.8,2622,2833745460,145921
2015/1/5 11:04,3604.2,3606,3602.4,3604.8,3536,3823461720,146012
2015/1/5 11:05,3604.6,3607.8,3603.8,3606.2,3820,4132591740,146088
2015/1/5 11:06,3606.2,3607.8,3604,3607.4,2551,2759621940,146247
2015/1/5 11:07,3607.4,3614.6,3606.6,3612.8,7866,8523727200,145739
2015/1/5 11:08,3613,3613,3608.8,3609.2,4639,5024800080,145723
2015/1/5 11:09,3609.8,3610,3605,3606.2,4825,5220481800,145423
2015/1/5 11:10,3606.2,3607.6,3604,3605,3567,3858452580,145543
2015/1/5 11:11,3604.6,3607,3602.2,3604.4,2913,3150383340,145428
2015/1/5 11:12,3604.4,3606.4,3602.6,3602.6,2102,2272909080,145554
2015/1/5 11:13,3602.6,3605.8,3601.8,3603.2,2625,2837734260,145690
2015/1/5 11:14,3603.8,3606,3602,3604,3141,3396050880,145952
2015/1/5 11:15,3603.6,3604.8,3600.2,3601.6,4174,4510068120,145931
2015/1/5 11:16,3601.6,3603.4,3599.8,3602.2,3089,3337337220,146150
2015/1/5 11:17,3602.2,3605,3602.2,3603.6,2761,2985136260,146278
2015/1/5 11:18,3603,3604.6,3600.8,3603.6,2410,2604720900,146377
2015/1/5 11:19,3604,3607.8,3602,3603.8,3946,4267598400,146048
2015/1/5 11:20,3604.4,3607.8,3602.6,3606,2608,2821121400,146221
2015/1/5 11:21,3605.6,3609.4,3604,3608,2579,2790757440,145983
2015/1/5 11:22,3607.6,3608.2,3605.8,3607.4,2091,2262860400,145972
2015/1/5 11:23,3607.6,3612,3607.6,3611,4105,4446554340,145823
2015/1/5 11:24,3611.2,3613.8,3609.8,3611.8,3115,3375352980,145872
2015/1/5 11:25,3613,3613,3610,3610,2681,2904531960,146028
2015/1/5 11:26,3609.6,3610,3605.6,3607.6,4219,4566018960,145626
2015/1/5 11:27,3607.8,3615.2,3607.8,3612.6,4792,5193212160,145193
2015/1/5 11:28,3612.8,3616,3610.4,3614.8,4825,5231113140,145055
2015/1/5 11:29,3614.8,3619.6,3613.2,3619.6,4804,5211285000,144569
2015/1/5 11:30,3620,3644,3620,3637.8,14923,16265074440,142807
2015/1/5 13:01,3642.2,3658.2,3642.2,3650.2,11362,12445909260,143877
2015/1/5 13:02,3650.6,3653.4,3648,3651.4,5374,5886051660,143900
2015/1/5 13:03,3650.6,3651.8,3646.8,3650.2,4868,5329723260,144016
2015/1/5 13:04,3650,3652.8,3649.4,3651.8,3161,3462201480,144559
2015/1/5 13:05,3652.4,3653,3649.4,3651.8,3358,3678322020,144773
2015/1/5 13:06,3651.2,3654.4,3650.6,3654,3962,4341472260,145057
2015/1/5 13:07,3653.6,3659,3651,3653,7947,8714869560,145640
2015/1/5 13:08,3653.6,3654,3650.8,3651.8,3049,3340755240,145971
2015/1/5 13:09,3652,3655,3651.4,3654,2802,3071150460,146385
2015/1/5 13:10,3653.8,3660,3653.8,3657.8,5613,6158653680,146806
2015/1/5 13:11,3658.2,3664.4,3658.2,3663.6,6800,7471425240,147235
2015/1/5 13:12,3663.6,3671.2,3662,3669.6,8155,8972074500,148334
2015/1/5 13:13,3669.6,3680.6,3669.6,3680,8713,9610501740,149386
2015/1/5 13:14,3680,3681.2,3674,3674,7752,8552689260,149965
2015/1/5 13:15,3674,3677.8,3672,3677.2,5524,6089646060,150020
2015/1/5 13:16,3676.8,3677.8,3670,3672.8,6529,7192094100,150079
2015/1/5 13:17,3672.6,3680.4,3672,3677.6,5796,6392490180,150407
2015/1/5 13:18,3677.6,3679.2,3672.8,3673.4,4614,5087407320,150671
2015/1/5 13:19,3673.4,3675.4,3670.6,3674.2,3730,4110201780,150944
2015/1/5 13:20,3675,3678,3670.6,3672.2,5419,5972403300,151245
2015/1/5 13:21,3672,3674.8,3669.8,3672.8,4621,5089814340,151545
2015/1/5 13:22,3672.8,3673.4,3663.2,3666.2,6266,6895315740,150692
2015/1/5 13:23,3666.8,3673.8,3666.4,3671.8,6279,6914302440,150463
2015/1/5 13:24,3671.8,3674.2,3669,3673.8,4075,4488731940,150736
2015/1/5 13:25,3674.4,3675,3669,3670.6,3766,4148694300,150940
2015/1/5 13:26,3670.8,3677.6,3669.4,3676,5629,6204981000,150882
2015/1/5 13:27,3676,3678.2,3673.8,3678,4133,4558671360,151251
2015/1/5 13:28,3677.8,3684.8,3676.8,3682,9325,10299907320,151454
2015/1/5 13:29,3681.6,3682.4,3672.8,3673.6,6076,6703498440,151324
2015/1/5 13:30,3674,3676,3672.6,3673,3987,4394356500,151780
2015/1/5 13:31,3672,3674.4,3671,3672.8,3206,3532544520,152036
2015/1/5 13:32,3672.8,3677.8,3672.2,3677,3649,4023844620,152209
2015/1/5 13:33,3676.8,3681.6,3676.8,3680.4,4677,5162532300,152503
2015/1/5 13:34,3680.2,3686.2,3678,3679.2,6868,7586903820,152320
2015/1/5 13:35,3679.8,3684.6,3678.6,3683.8,3271,3612215400,152384
2015/1/5 13:36,3683,3687,3680.6,3683.6,5536,6118938540,152576
2015/1/5 13:37,3684.2,3685.4,3679,3681.4,4478,4945560000,152967
2015/1/5 13:38,3681.4,3681.4,3678,3678,2890,3189853080,153031
2015/1/5 13:39,3678.2,3683,3677.4,3680.8,2802,3093755040,153010
2015/1/5 13:40,3680.8,3682.6,3678,3679.8,2492,2751051660,153084
2015/1/5 13:41,3679.8,3682.2,3678.2,3680.8,2542,2806636680,152951
2015/1/5 13:42,3680.8,3684.2,3679.6,3681.2,2914,3218791320,152845
2015/1/5 13:43,3681.4,3681.8,3677.4,3679.4,3579,3950577900,153182
2015/1/5 13:44,3680,3684.4,3679.2,3684.4,3071,3391778040,153051
2015/1/5 13:45,3683,3688.2,3676.2,3680.4,9824,10852871460,152858
2015/1/5 13:46,3680.8,3683.2,3679,3681.8,3515,3881705640,152954
2015/1/5 13:47,3681.8,3684.2,3680.6,3683.6,3249,3589602420,152699
2015/1/5 13:48,3683.6,3685.4,3681.8,3681.8,2395,2646598560,152790
2015/1/5 13:49,3681.8,3682.6,3678.4,3681,3674,4056401520,152973
2015/1/5 13:50,3680.6,3681.6,3673.6,3674,5428,5988505560,153301
2015/1/5 13:51,3674.6,3679.8,3674.2,3676.2,5059,5580674460,153216
2015/1/5 13:52,3676.2,3683,3674,3680.8,5952,6569989380,153235
2015/1/5 13:53,3680.8,3681.4,3676.6,3678,3269,3608034420,153571
2015/1/5 13:54,3678,3679,3674.2,3678.2,4225,4660277280,153847
2015/1/5 13:55,3677.2,3678,3674.2,3674.6,3623,3995395560,153869
2015/1/5 13:56,3674.6,3678.2,3671.8,3678.2,5041,5557093980,153695
2015/1/5 13:57,3678.2,3681.8,3677,3681.4,4936,5449200300,154059
2015/1/5 13:58,3681.8,3687.8,3680.8,3685.4,7144,7896171960,153865
2015/1/5 13:59,3685,3687,3683.8,3685,3340,3692727180,154140
2015/1/5 14:00,3685,3691.2,3685,3686.6,7612,8421854340,153922
2015/1/5 14:01,3686.6,3694.6,3686.6,3692.6,7169,7938151260,153929
2015/1/5 14:02,3692.2,3698.2,3692.2,3695.2,7386,8189138460,154509
2015/1/5 14:03,3694.4,3696.8,3693,3696,4111,4556376420,154606
2015/1/5 14:04,3695.8,3696.6,3693.8,3695.2,2900,3214654020,155087
2015/1/5 14:05,3695.2,3699.4,3694.6,3696.4,6350,7044264600,155446
2015/1/5 14:06,3696.4,3702.4,3696.4,3699.4,6466,7176676080,155394
2015/1/5 14:07,3699.4,3706.6,3698.8,3706.6,6290,6987491940,155371
2015/1/5 14:08,3706.4,3707.6,3704,3704.2,5512,6127834920,155317
2015/1/5 14:09,3703.8,3714.6,3703.8,3710.8,6952,7736197140,155401
2015/1/5 14:10,3711,3714.4,3709.4,3713.2,5823,6484463160,155898
2015/1/5 14:11,3713,3726,3712.8,3723.4,9574,10686760020,156007
2015/1/5 14:12,3723,3726.2,3720.8,3723.2,6297,7034425020,156271
2015/1/5 14:13,3723,3731.6,3722.4,3730.2,7132,7977067020,156286
2015/1/5 14:14,3729.8,3733,3729,3729.8,5997,6712208640,156968
2015/1/5 14:15,3730,3730,3723,3723.2,8028,8973625440,156434
2015/1/5 14:16,3723.6,3728.2,3720.8,3725,6046,6754320660,156227
2015/1/5 14:17,3725,3728.2,3723.4,3725.2,3143,3513051540,156566
2015/1/5 14:18,3724.4,3726.8,3723,3723.4,3167,3539155680,156764
2015/1/5 14:19,3723.8,3733,3723.8,3732,5158,5769362460,156909
2015/1/5 14:20,3731.4,3731.4,3722.6,3725,5373,6006652920,156971
2015/1/5 14:21,3725.4,3729.6,3721.8,3729.6,5756,6431996880,157038
2015/1/5 14:22,3729.6,3729.8,3724.8,3726.6,3168,3542448720,157432
2015/1/5 14:23,3727,3728.8,3725,3725,2888,3229366740,157587
2015/1/5 14:24,3725.8,3730,3724,3729.8,3931,4395982140,157717
2015/1/5 14:25,3730,3731,3728.4,3730.4,3907,4371904920,158018
2015/1/5 14:26,3730.8,3733.2,3726.2,3727.4,5120,5728752600,157969
2015/1/5 14:27,3727,3728.4,3721.6,3727.2,6062,6773216040,157676
2015/1/5 14:28,3727.2,3729.2,3726.2,3728.2,3040,3399748980,157935
2015/1/5 14:29,3727.8,3732,3727.4,3729.8,3919,4385236620,158009
2015/1/5 14:30,3729.6,3730.8,3727.2,3728.6,2658,2973483600,158193
2015/1/5 14:31,3728.2,3729.8,3727,3727.8,2303,2575980660,158394
2015/1/5 14:32,3727.4,3735,3725.4,3735,6043,6760238040,158330
2015/1/5 14:33,3734.4,3755.8,3734.4,3755.2,15807,17758303320,156901
2015/1/5 14:34,3754.8,3754.8,3749,3749.2,9074,10211616960,156683
2015/1/5 14:35,3748.2,3752,3746.2,3751,5428,6105621600,156488
2015/1/5 14:36,3751,3751.6,3748.4,3750.8,4004,4504370040,156403
2015/1/5 14:37,3750.8,3751.2,3748.2,3749.4,3458,3889803960,156540
2015/1/5 14:38,3749.6,3752.8,3749,3752.2,3937,4430442240,156519
2015/1/5 14:39,3752,3754.4,3750.2,3751.4,4106,4622023920,156670
2015/1/5 14:40,3751.6,3767,3750.8,3760.4,10033,11322080580,155876
2015/1/5 14:41,3760.6,3764.6,3759.4,3762.6,5076,5728499040,156158
2015/1/5 14:42,3762.2,3764.2,3760.4,3761.4,4426,4995461580,156682
2015/1/5 14:43,3761.8,3765.4,3761.8,3765.2,4333,4892865600,156820
2015/1/5 14:44,3765.4,3766,3758.2,3760.8,6345,7160098140,156844
2015/1/5 14:45,3761,3765.2,3761,3764,4835,5459288280,157127
2015/1/5 14:46,3764.2,3764.6,3762.2,3762.4,2782,3140799840,157368
2015/1/5 14:47,3762.8,3768.2,3748.8,3750.2,14672,16538185740,157013
2015/1/5 14:48,3750.2,3754.8,3749.2,3753.2,6461,7272942180,157065
2015/1/5 14:49,3753,3757.6,3752.2,3753.6,4969,5597570760,157403
2015/1/5 14:50,3754,3759.6,3753.4,3757.8,4893,5515129740,157791
2015/1/5 14:51,3757.8,3759,3753.4,3754,4463,5029414320,157504
2015/1/5 14:52,3753.8,3753.8,3695,3707.8,27766,30971288280,152764
2015/1/5 14:53,3707.2,3716.2,3699.6,3699.6,13855,15416172240,152622
2015/1/5 14:54,3696,3702.4,3678,3698.4,18513,20498462880,151478
2015/1/5 14:55,3698.8,3710.6,3697.2,3706.6,9633,10706280480,150895
2015/1/5 14:56,3707,3707,3689,3693,10874,12060834960,150914
2015/1/5 14:57,3694,3702,3690.4,3691.4,7746,8589127980,150641
2015/1/5 14:58,3691.4,3694.8,3685.6,3690,8120,8989962120,150141
2015/1/5 14:59,3691.2,3691.2,3681.2,3683.2,8791,9718354620,149318
2015/1/5 15:00,3683,3686,3675,3675.8,11358,12543109980,148547
2015/1/5 15:01,3676.2,3683.8,3670.2,3683.8,10338,11405252940,147297
2015/1/5 15:02,3683.2,3690.2,3683,3690,6615,7319536800,146793
2015/1/5 15:03,3690,3691.6,3687.4,3689.6,4640,5136045180,146426
2015/1/5 15:04,3689.8,3697,3689,3694.6,5280,5849465040,145982
2015/1/5 15:05,3694.4,3696.4,3688.4,3690.4,4272,4732236960,145955
2015/1/5 15:06,3689.8,3692.8,3688.8,3690.6,2748,3042537720,145943
2015/1/5 15:07,3690.2,3692.2,3687.6,3687.6,2116,2342667000,145759
2015/1/5 15:08,3687.6,3690.4,3683,3689,4004,4429346520,145249
2015/1/5 15:09,3688.6,3690.2,3685.2,3686,2398,2652871800,145026
2015/1/5 15:10,3686.2,3687,3680,3684.2,4254,4700501220,144480
2015/1/5 15:11,3684.4,3686.6,3681,3683.6,3365,3718516380,143928
2015/1/5 15:12,3683.8,3685.8,3676,3678,5907,6521644500,142744
2015/1/5 15:13,3677.8,3678.2,3666,3672.8,9740,10724024700,141261
2015/1/5 15:14,3672.6,3672.6,3668.8,3672,4268,4700260260,140789
2015/1/5 15:15,3672.4,3675.6,3669,3671.4,6412,7065133500,138633
2015/1/6 9:16,3664,3675.2,3662.2,3673.2,8657,9528420960,140422
2015/1/6 9:17,3674,3680.6,3673.6,3678,5342,5892431460,141214
2015/1/6 9:18,3678.2,3678.2,3674.6,3677.6,2351,2592950700,141539
2015/1/6 9:19,3677.6,3684.6,3677.6,3681.6,3890,4295420580,141890
2015/1/6 9:20,3682,3682,3675.2,3676.2,2627,2898600540,142273
2015/1/6 9:21,3675.8,3680.2,3675,3678.8,2005,2212190880,142549
2015/1/6 9:22,3678.8,3680,3676.2,3678.2,1579,1742243700,142883
2015/1/6 9:23,3678.4,3679.8,3676.8,3677,1180,1302112740,143077
2015/1/6 9:24,3677.2,3679.4,3676.2,3676.2,1180,1301959020,143042
2015/1/6 9:25,3676.2,3678,3674,3676.8,2896,3193755000,143297
2015/1/6 9:26,3677,3677.2,3667.2,3668,4595,5061190620,143756
2015/1/6 9:27,3667.2,3669.8,3662,3669.4,6763,7436258520,143968
2015/1/6 9:28,3669.2,3670.6,3660.2,3662,6097,6701496600,143914
2015/1/6 9:29,3661.8,3663.2,3648.6,3651,10126,11097672720,144816
2015/1/6 9:30,3651.2,3657.2,3650.6,3654.6,5429,5950850580,144520
2015/1/6 9:31,3653.8,3662.6,3652.6,3659.4,6137,6735974040,145086
2015/1/6 9:32,3659.6,3661.8,3657.4,3661,4824,5296245240,146136
2015/1/6 9:33,3661.2,3664.2,3656.8,3659.2,4423,4856558340,146630
2015/1/6 9:34,3659.6,3665,3653.2,3663.2,6200,6806808660,146693
2015/1/6 9:35,3663.2,3666,3657,3660.2,5460,5996605380,146874
2015/1/6 9:36,3659.8,3661.8,3656.2,3658.4,4585,5032189740,147415
2015/1/6 9:37,3658.2,3664,3658.2,3662,5275,5793646380,147653
2015/1/6 9:38,3662,3668,3660.2,3661.6,5676,6239056800,147736
2015/1/6 9:39,3661.6,3668.4,3661.6,3667.4,5486,6032838600,148054
2015/1/6 9:40,3667.6,3668.8,3664,3664.6,3692,4060443180,148518
2015/1/6 9:41,3664.6,3665.4,3662.2,3664.4,3295,3621554880,148590
2015/1/6 9:42,3664.6,3664.6,3659.8,3662,3929,4315510920,148491
2015/1/6 9:43,3661,3669.6,3660.2,3664.6,5219,5740044660,148698
2015/1/6 9:44,3664.6,3666.4,3663,3666.4,2783,3059826420,148733
2015/1/6 9:45,3666.2,3677.8,3666.2,3672.8,7395,8148042960,147969
2015/1/6 9:46,3672.6,3673.6,3670.6,3673,4029,4438405140,148340
2015/1/6 9:47,3673,3676.6,3671.4,3675,4257,4692694380,148513
2015/1/6 9:48,3676,3679.4,3674.4,3679,5584,6159169740,148700
2015/1/6 9:49,3679.6,3681.8,3677,3681,6519,7195394400,148796
2015/1/6 9:50,3682.6,3684.4,3680,3681.8,5660,6252702540,148954
2015/1/6 9:51,3681,3681,3677.2,3678.4,4656,5138854380,148965
2015/1/6 9:52,3678.2,3687.2,3677.8,3686,6485,7167319380,148664
2015/1/6 9:53,3686,3690.2,3686,3687.6,6459,7146694500,148598
2015/1/6 9:54,3687.4,3688.2,3681.8,3681.8,4923,5442852180,149006
2015/1/6 9:55,3681.2,3685,3681,3682.4,3382,3736585860,149372
2015/1/6 9:56,3682.8,3687.4,3681,3683.6,4493,4966183740,149465
2015/1/6 9:57,3684.4,3687,3680.8,3684,4683,5175623640,149744
2015/1/6 9:58,3684.4,3691.2,3684.4,3688,6501,7193464140,149272
2015/1/6 9:59,3687.8,3687.8,3680.8,3682,5825,6436227480,150168
2015/1/6 10:00,3682.4,3684.2,3680.2,3681,4451,4916186100,150841
2015/1/6 10:01,3682.2,3682.8,3679.2,3682,3757,4148656320,151007
2015/1/6 10:02,3683,3686.2,3681.8,3686.2,3697,4085957460,150708
2015/1/6 10:03,3686.2,3686.2,3682.8,3683.2,3289,3635659680,150692
2015/1/6 10:04,3683.2,3683.8,3681.4,3681.4,3224,3561762960,150665
2015/1/6 10:05,3681.8,3682,3674.8,3678,6998,7719588420,150090
2015/1/6 10:06,3678.8,3682.2,3676.6,3682,3977,4390420980,150482
2015/1/6 10:07,3681.8,3686,3681.8,3685,4233,4678780560,150387
2015/1/6 10:08,3685,3692.2,3685,3690.6,7725,8549545380,150130
2015/1/6 10:09,3690.6,3692,3686.8,3689.6,4281,4738435080,150493
2015/1/6 10:10,3689.6,3694.2,3688.8,3691.6,4525,5011193460,150849
2015/1/6 10:11,3692.2,3695.2,3691.6,3695,4724,5234714640,151254
2015/1/6 10:12,3694.8,3695.6,3690.4,3691.4,3750,4154109780,151640
2015/1/6 10:13,3691.2,3696,3691,3694.6,3688,4087416480,151879
2015/1/6 10:14,3694.4,3696,3692.6,3693.8,2425,2687484000,152084
2015/1/6 10:15,3693.8,3694.6,3691.2,3694.6,2974,3294856080,152361
2015/1/6 10:16,3694.8,3696.4,3692.6,3696.4,3450,3824061960,152659
2015/1/6 10:17,3696.4,3697.2,3690.2,3691.4,5669,6281378100,152869
2015/1/6 10:18,3691,3693.4,3689.2,3689.8,3948,4371533340,152963
2015/1/6 10:19,3689.4,3693.8,3689.2,3692,1971,2183039700,153124
2015/1/6 10:20,3692.2,3695.8,3690.6,3694.8,3055,3385319700,152859
2015/1/6 10:21,3695.2,3699.2,3695,3696.4,6393,7091375460,152598
2015/1/6 10:22,3696.6,3696.6,3692.2,3695.4,2958,3278288820,152644
2015/1/6 10:23,3695.8,3695.8,3692.8,3694.6,2572,2850264180,152714
2015/1/6 10:24,3694.2,3695,3682,3684.2,8691,9615902760,152673
2015/1/6 10:25,3684.2,3690.8,3684.2,3689,6197,6854422320,152930
2015/1/6 10:26,3689.6,3699,3689.6,3697.2,7528,8346861360,152217
2015/1/6 10:27,3698,3699.2,3696.6,3699.2,4395,4875726120,152322
2015/1/6 10:28,3699.2,3700,3697.6,3699.4,4629,5136600120,152299
2015/1/6 10:29,3699.4,3707.6,3699.4,3705.8,9328,10366855440,151929
2015/1/6 10:30,3705.8,3707.6,3705,3705.6,3751,4170798360,152286
2015/1/6 10:31,3705.2,3705.2,3700,3700.2,5941,6599703060,152306
2015/1/6 10:32,3700,3702.4,3697,3697,4536,5035395840,152527
2015/1/6 10:33,3696.8,3697.8,3691.4,3693.6,7155,7929509640,152246
2015/1/6 10:34,3693.2,3695.6,3691.6,3693,4143,4590636420,152846
2015/1/6 10:35,3693,3696,3689.4,3689.4,4988,5526244020,153707
2015/1/6 10:36,3686.8,3689.2,3681,3682.6,10256,11335257480,152651
2015/1/6 10:37,3683,3684.6,3682,3683,4961,5481536580,152846
2015/1/6 10:38,3683.4,3683.4,3671,3672.8,11663,12865069860,151264
2015/1/6 10:39,3673,3679,3673,3676.8,7252,7996831740,150754
2015/1/6 10:40,3676.4,3681.2,3674.8,3679,5790,6389510820,150925
2015/1/6 10:41,3679.4,3684.4,3674.2,3681,6074,6705058800,151054
2015/1/6 10:42,3680.6,3680.8,3674.6,3674.6,4241,4679549760,151538
2015/1/6 10:43,3674.6,3676,3666,3669.6,9483,10442568960,151723
2015/1/6 10:44,3669,3670,3658.2,3659,9556,10502260740,151370
2015/1/6 10:45,3659.6,3663.8,3638.8,3642.8,16291,17842954860,150284
2015/1/6 10:46,3642.2,3644.4,3626.8,3643.6,17327,18898240620,149636
2015/1/6 10:47,3643.6,3658.8,3642.2,3647,13203,14455497420,149186
2015/1/6 10:48,3647.2,3653.2,3643.8,3646,6530,7148318100,149800
2015/1/6 10:49,3645.2,3654,3645.2,3653.4,5974,6544062720,149856
2015/1/6 10:50,3654.4,3655,3645.8,3654,5578,6109280760,150130
2015/1/6 10:51,3654.8,3660.8,3652.8,3653.4,7244,7947467040,149477
2015/1/6 10:52,3653.8,3662,3653.8,3656.2,5488,6022537260,149545
2015/1/6 10:53,3655.8,3657.2,3651.2,3652.4,5138,5631766980,149947
2015/1/6 10:54,3652,3660.8,3651.6,3659.4,5600,6145579920,149960
2015/1/6 10:55,3658.8,3664,3657.4,3661.4,5952,6538463040,149786
2015/1/6 10:56,3661.4,3666,3661.4,3664.8,5187,5701845840,149908
2015/1/6 10:57,3664.8,3668,3661.2,3666,5770,6344896200,150354
2015/1/6 10:58,3667,3667,3661.2,3663.6,3836,4216378080,150091
2015/1/6 10:59,3663.8,3664,3659,3659.4,3912,4297267380,150240
2015/1/6 11:00,3660.8,3665,3659.6,3661,4107,4512281340,150702
2015/1/6 11:01,3661,3662.6,3652,3657.2,7013,7694389020,150411
2015/1/6 11:02,3657.6,3668.6,3657.6,3665.8,6997,7692469140,150000
2015/1/6 11:03,3665.2,3666.8,3662,3663,3017,3316793040,149828
2015/1/6 11:04,3663.4,3663.4,3643.6,3643.6,9199,10081216860,149238
2015/1/6 11:05,3643.8,3654.6,3643.8,3651.8,9564,10471809780,149710
2015/1/6 11:06,3649.2,3653.6,3648.4,3649.6,4525,4956832080,150492
2015/1/6 11:07,3650,3653.6,3645.8,3648.8,5869,6425877660,150757
2015/1/6 11:08,3648.8,3662,3648.6,3662,8387,9201075540,150734
2015/1/6 11:09,3662.8,3665.2,3659.2,3660.8,5370,5900117880,150732
2015/1/6 11:10,3660.4,3665.6,3658.8,3661.6,4041,4439491800,150928
2015/1/6 11:11,3662.8,3668,3661.8,3668,4581,5036264640,150438
2015/1/6 11:12,3668.2,3671.4,3665,3667.8,8833,9721472400,149099
2015/1/6 11:13,3668,3668,3664.4,3666,3138,3451048380,149253
2015/1/6 11:14,3665.8,3666.4,3661.2,3662.4,3077,3381523440,149311
2015/1/6 11:15,3662.4,3663.8,3654.2,3658.4,6238,6846524880,149102
2015/1/6 11:16,3658.4,3658.4,3638.2,3646.8,14820,16210567800,148551
2015/1/6 11:17,3646.4,3649,3630.4,3637.6,11923,13013047140,148898
2015/1/6 11:18,3637.8,3639,3623,3633,12001,13071860640,149462
2015/1/6 11:19,3633.6,3637.4,3626,3629,7627,8308621680,149807
2015/1/6 11:20,3628.6,3634.8,3628.6,3632.2,6706,7306911000,150797
2015/1/6 11:21,3631.4,3639.6,3630.6,3636.6,6820,7437617100,151072
2015/1/6 11:22,3635.8,3638,3627.6,3634,6768,7376864460,151081
2015/1/6 11:23,3634.2,3636.6,3624,3624,6273,6831688500,151422
2015/1/6 11:24,3623.2,3639.2,3623.2,3638,9180,10009009740,150712
2015/1/6 11:25,3638.6,3641,3633.6,3635.6,6635,7241834460,150628
2015/1/6 11:26,3634.2,3634.2,3623.4,3627.8,10893,11855099220,151116
2015/1/6 11:27,3626.6,3636,3623.6,3630.6,7135,7770089400,151310
2015/1/6 11:28,3630.2,3633.6,3624.2,3627.2,4834,5261182320,151297
2015/1/6 11:29,3626.2,3628.8,3619,3623.2,8298,9019150500,151137
2015/1/6 11:30,3622.8,3628.4,3610,3619.2,11445,12424794300,149840
2015/1/6 13:01,3615.2,3621.2,3614.6,3614.8,7368,7996560300,150987
2015/1/6 13:02,3615,3626.8,3615,3625.2,4917,5344393260,150990
2015/1/6 13:03,3625.2,3628,3623,3627,3344,3637855500,151445
2015/1/6 13:04,3627,3634.8,3627,3634.6,6268,6830007180,150885
2015/1/6 13:05,3634.4,3644.4,3633.6,3640.8,7958,8690728200,149976
2015/1/6 13:06,3640.6,3641,3638.8,3640.2,3029,3307454040,149994
2015/1/6 13:07,3639.6,3640.4,3637.4,3638.4,3194,3486816180,149898
2015/1/6 13:08,3638.6,3639.2,3637,3638.2,2924,3191298240,150017
2015/1/6 13:09,3638,3644.2,3637.4,3644.2,5236,5721180180,150056
2015/1/6 13:10,3644.2,3645,3643.2,3644.8,3905,4269273000,149729
2015/1/6 13:11,3645,3645,3641.2,3644.4,3086,3372775320,149557
2015/1/6 13:12,3644.8,3649,3644.6,3647.8,6608,7230909780,149536
2015/1/6 13:13,3647.8,3649,3647,3648.2,3203,3505614360,149700
2015/1/6 13:14,3648.2,3649,3647.2,3648.4,2196,2403350880,149805
2015/1/6 13:15,3648,3649.8,3647.8,3649.8,4358,4770639420,149717
2015/1/6 13:16,3649.8,3649.8,3644.8,3647.4,5042,5516275560,149327
2015/1/6 13:17,3648,3654,3647.8,3652.6,7464,8176093140,148922
2015/1/6 13:18,3652.6,3652.6,3642.6,3645,6140,6717460320,148501
2015/1/6 13:19,3643.6,3646.4,3643.4,3643.8,3766,4118000280,149131
2015/1/6 13:20,3643.8,3653.8,3643.2,3653.6,6418,7027907340,149280
2015/1/6 13:21,3653.6,3657.8,3652,3655.6,6181,6778692240,149319
2015/1/6 13:22,3655.6,3657.2,3654,3656,3625,3975814080,149649
2015/1/6 13:23,3656.2,3659,3656.2,3656.6,4817,5285945100,149873
2015/1/6 13:24,3656,3658.4,3655.2,3658,3132,3435970920,149918
2015/1/6 13:25,3658,3658.8,3656.4,3658,2673,2933127840,149936
2015/1/6 13:26,3658,3658,3653,3653.6,3841,4212090120,149685
2015/1/6 13:27,3653.8,3657.8,3653.2,3655.8,3677,4032515100,149682
2015/1/6 13:28,3656.2,3659,3653,3655.2,4356,4778018040,149671
2015/1/6 13:29,3655,3655.6,3650.2,3651,4528,4961257800,149598
2015/1/6 13:30,3651.2,3653.8,3651.2,3653.8,3056,3348574680,149929
2015/1/6 13:31,3654,3655.6,3645.8,3647.2,7195,7876740540,149732
2015/1/6 13:32,3646.8,3652,3643.6,3649,6079,6652334160,149919
2015/1/6 13:33,3649.4,3658,3648.2,3656.8,6027,6608174880,149674
2015/1/6 13:34,3656.8,3657.6,3654,3656.2,3502,3841236840,149880
2015/1/6 13:35,3655.8,3657.2,3651.2,3656,3404,3732192600,149777
2015/1/6 13:36,3656.2,3659.4,3656.2,3659,4110,4510334340,150085
2015/1/6 13:37,3659,3659.8,3655.2,3658.8,3724,4086752520,150164
2015/1/6 13:38,3658.8,3658.8,3653.8,3657.2,2907,3188489400,150347
2015/1/6 13:39,3657.4,3659.4,3656.2,3658.8,2821,3095774700,150448
2015/1/6 13:40,3659,3666.4,3658.6,3666.4,7635,8388030120,149391
2015/1/6 13:41,3666.4,3668.6,3665.2,3668.2,7419,8161563180,149316
2015/1/6 13:42,3668.6,3669.6,3667.2,3669,5044,5551222380,148884
2015/1/6 13:43,3669,3675,3667.6,3673.6,6804,7496562240,148909
2015/1/6 13:44,3673.6,3673.6,3668.4,3671,5464,6017635320,148826
2015/1/6 13:45,3671.2,3673.8,3667.4,3673.6,5443,5994156600,148881
2015/1/6 13:46,3673.6,3674,3666.8,3670,5329,5866815960,148500
2015/1/6 13:47,3670.8,3677,3670.8,3676.4,9053,9979594620,148551
2015/1/6 13:48,3676.8,3678,3674.2,3677.2,7352,8109698700,148660
2015/1/6 13:49,3677,3678.2,3676,3677.6,3539,3904032840,148565
2015/1/6 13:50,3677,3678.8,3667.6,3671.2,8349,9199425420,147997
2015/1/6 13:51,3671.4,3673.8,3663.6,3663.6,6731,7408880940,147714
2015/1/6 13:52,3663.4,3673,3662,3671.8,7522,8276348580,147482
2015/1/6 13:53,3671.6,3673.8,3668.6,3670,4467,4920586680,147533
2015/1/6 13:54,3670,3671.8,3660.8,3660.8,5501,6051271380,147463
2015/1/6 13:55,3660.4,3662.2,3651.4,3651.4,13222,14505507540,146896
2015/1/6 13:56,3651.2,3651.2,3640,3646.8,12624,13807872840,146279
2015/1/6 13:57,3647.4,3649.4,3642.4,3647.8,6386,6985734900,146394
2015/1/6 13:58,3647.2,3652,3646.4,3649,6301,6898515780,146333
2015/1/6 13:59,3649.2,3656,3649.2,3654,5944,6513962940,145763
2015/1/6 14:00,3654.2,3654.6,3647.8,3650.8,4579,5015283720,146087
2015/1/6 14:01,3650.6,3652.2,3642.4,3646,7747,8474035920,146347
2015/1/6 14:02,3645.6,3653.6,3644.4,3651.6,5083,5565228780,146393
2015/1/6 14:03,3651.6,3670,3650.8,3669.6,15872,17445962820,144785
2015/1/6 14:04,3669.2,3676,3667.6,3673.6,10813,11910693600,144304
2015/1/6 14:05,3673.2,3674.2,3671,3671,4353,4795892340,144148
2015/1/6 14:06,3671,3672,3668,3670.6,5134,5652941820,144373
2015/1/6 14:07,3670.2,3671.6,3666.4,3669.4,4224,4648635480,144440
2015/1/6 14:08,3669.4,3670,3655.2,3657.6,10393,11409848760,143850
2015/1/6 14:09,3658,3659,3647.2,3653,9994,10948148100,144251
2015/1/6 14:10,3652.8,3656,3649,3652.4,5774,6325737180,144734
2015/1/6 14:11,3652.8,3652.8,3641.4,3645.8,10105,11050987860,145013
2015/1/6 14:12,3647.2,3650,3642.4,3647,6117,6690500940,144909
2015/1/6 14:13,3647.4,3649.8,3643,3646.4,5220,5709701340,144995
2015/1/6 14:14,3645,3651.8,3643.2,3648.8,6634,7259665200,145451
2015/1/6 14:15,3648.8,3650.2,3645.4,3645.4,4281,4685314740,145672
2015/1/6 14:16,3645,3645,3636,3640.2,12119,13231220880,145228
2015/1/6 14:17,3639.8,3641.2,3634,3637.4,6754,7370862240,145518
2015/1/6 14:18,3637.4,3639.8,3635.2,3636,5390,5881677780,146018
2015/1/6 14:19,3636,3638.2,3630,3635.2,9490,10344192000,146343
2015/1/6 14:20,3635.8,3647,3635.8,3645,9297,10161291480,145951
2015/1/6 14:21,3645.2,3646,3643,3643,3145,3438381120,146187
2015/1/6 14:22,3643.4,3650.2,3643,3646.4,7170,7846735080,145394
2015/1/6 14:23,3646.8,3653.4,3646.6,3651.6,5715,6259630320,145192
2015/1/6 14:24,3651,3654.4,3648.2,3651.8,5311,5818055580,145028
2015/1/6 14:25,3651.6,3651.6,3645,3645,3426,3750619320,145000
2015/1/6 14:26,3645,3649.4,3639.2,3643.6,7948,8688302040,144858
2015/1/6 14:27,3644,3652,3644,3651,4376,4790346900,144942
2015/1/6 14:28,3651.6,3656.4,3650.2,3656,6360,6971341680,144528
2015/1/6 14:29,3656.4,3658.4,3652.6,3658.2,5185,5686365840,144637
2015/1/6 14:30,3657.8,3658.6,3655.8,3656.8,3563,3909031440,144760
2015/1/6 14:31,3657,3659,3655,3658.6,4810,5277806040,144509
2015/1/6 14:32,3658.2,3658.8,3654.6,3657.6,3209,3520283220,144245
2015/1/6 14:33,3657.4,3657.8,3653.8,3656,2407,2639952840,144077
2015/1/6 14:34,3657,3659.6,3656.2,3658.6,4780,5246541120,143667
2015/1/6 14:35,3658.2,3659.8,3658,3659.4,3553,3900381480,143184
2015/1/6 14:36,3659.4,3669,3659.2,3668.2,10070,11074869600,141578
2015/1/6 14:37,3668,3670.2,3667.8,3669.8,5877,6469424880,140756
2015/1/6 14:38,3668.8,3675.6,3668.8,3672.4,7743,8531132460,140308
2015/1/6 14:39,3672.4,3678,3671.2,3678,7524,8295032460,140425
2015/1/6 14:40,3677.6,3690,3677,3685.2,12921,14279832300,139679
2015/1/6 14:41,3686,3691.8,3683.6,3684.8,8423,9317002080,139854
2015/1/6 14:42,3685.4,3686.6,3683,3684,3961,4378620420,140020
2015/1/6 14:43,3684.4,3686.8,3678.4,3681.6,7176,7925486160,139819
2015/1/6 14:44,3682.2,3684.2,3672,3674.4,8202,9046994100,139228
2015/1/6 14:45,3675,3676.4,3666.2,3673.6,9688,10668067800,138704
2015/1/6 14:46,3673.4,3673.8,3667,3670.2,6414,7062621960,139009
2015/1/6 14:47,3670.6,3672.8,3668,3670.4,4350,4789783080,139138
2015/1/6 14:48,3670.6,3672.2,3668.6,3671.6,3045,3353116680,139316
2015/1/6 14:49,3671.6,3672.4,3669,3670.4,3551,3910805880,139141
2015/1/6 14:50,3670,3672.2,3664,3668.4,5766,6345079800,138716
2015/1/6 14:51,3669,3671,3667,3669.6,3117,3431167320,138751
2015/1/6 14:52,3669.6,3670.2,3663.4,3665,4529,4981594680,138188
2015/1/6 14:53,3664.8,3664.8,3658,3661.6,6616,7267805400,138140
2015/1/6 14:54,3662.4,3662.8,3654,3654,6079,6669826680,138245
2015/1/6 14:55,3655.2,3658,3653.2,3655.6,6386,7003152420,137419
2015/1/6 14:56,3655.2,3657.2,3653,3654,4441,4869393180,136873
2015/1/6 14:57,3653.8,3661.8,3653.6,3660.6,5789,6354145200,135977
2015/1/6 14:58,3659.6,3660.8,3657.4,3660.6,2622,2878487160,135930
2015/1/6 14:59,3660.6,3660.6,3657.8,3660,2288,2511902640,135826
2015/1/6 15:00,3660,3661,3652.4,3654.4,4907,5381268720,135585
2015/1/6 15:01,3654,3656.4,3652.2,3656.4,3269,3583903920,135585
2015/1/6 15:02,3656.6,3658.2,3653.2,3654,2478,2717438520,135680
2015/1/6 15:03,3654,3656.2,3653,3654.2,1772,1942881420,135594
2015/1/6 15:04,3654,3656.8,3653.6,3654.8,1536,1684518420,135459
2015/1/6 15:05,3654.6,3656.2,3654.6,3655.2,981,1075782480,135171
2015/1/6 15:06,3655,3656,3652.4,3654.2,2699,2958451560,134916
2015/1/6 15:07,3654,3655.2,3653,3653.2,1233,1351648860,134644
2015/1/6 15:08,3652.8,3657.2,3652,3655.8,3867,4239597660,133711
2015/1/6 15:09,3655.6,3656.2,3654.2,3654.8,1095,1200735120,133441
2015/1/6 15:10,3655,3655.4,3653.6,3654,1156,1267362960,133155
2015/1/6 15:11,3654,3655.2,3654,3654.6,1201,1316783700,132673
2015/1/6 15:12,3654.4,3654.8,3652,3652.8,2506,2746384140,132090
2015/1/6 15:13,3652.8,3653.4,3650,3651.4,3774,4133950560,130995
2015/1/6 15:14,3651.8,3654.4,3651,3654,2745,3008580300,129901
2015/1/6 15:15,3654,3657.2,3654,3656.8,5204,5707886700,127237
2015/1/7 9:16,3655.8,3661,3652.4,3660.6,7097,7787852580,129162
2015/1/7 9:17,3661,3661.2,3659.4,3660.6,2313,2539982820,129540
2015/1/7 9:18,3661,3664.8,3660.4,3663,2946,3237123780,129899
2015/1/7 9:19,3663.2,3663.6,3661,3661.8,1985,2180859960,130171
2015/1/7 9:20,3661.2,3661.2,3658,3659,2362,2592912360,130374
2015/1/7 9:21,3659.6,3660,3653,3653.2,3575,3920202000,130695
2015/1/7 9:22,3652.4,3652.4,3644.2,3648.2,5410,5920324140,130793
2015/1/7 9:23,3648,3649,3644,3645.6,3024,3308464080,131183
2015/1/7 9:24,3645.6,3648.2,3642.8,3643,2482,2714659800,131644
2015/1/7 9:25,3643.2,3647,3641,3645,4242,4636923480,131812
2015/1/7 9:26,3645,3647.6,3641.6,3644.4,2809,3071550240,131961
2015/1/7 9:27,3644.4,3647.2,3642,3642.2,2835,3099389760,132355
2015/1/7 9:28,3642.2,3646.8,3641.8,3643.8,2212,2418533040,132667
2015/1/7 9:29,3643.6,3646,3641.2,3643.8,2660,2907417600,133082
2015/1/7 9:30,3643.8,3645,3641.4,3643.4,1836,2006645400,133478
2015/1/7 9:31,3642.4,3653.8,3639.6,3650.6,8188,8955127740,133633
2015/1/7 9:32,3650.8,3650.8,3644,3645.8,3549,3883518780,133774
2015/1/7 9:33,3646,3648.4,3643,3646.2,3186,3484690320,134076
2015/1/7 9:34,3646.2,3654.8,3646.2,3654.8,4651,5093686500,134280
2015/1/7 9:35,3654.4,3654.4,3650.6,3652.4,4174,4573288800,134487
2015/1/7 9:36,3652.8,3653,3648.8,3652.8,3990,4370182860,134611
2015/1/7 9:37,3652,3657.4,3651.2,3651.6,4764,5222952060,133934
2015/1/7 9:38,3650.6,3654.2,3650.2,3652,3030,3319685940,134241
2015/1/7 9:39,3652.6,3652.6,3645.6,3645.8,4405,4820687040,134128
2015/1/7 9:40,3646.2,3650.8,3643.6,3648.8,4956,5422278840,134391
2015/1/7 9:41,3648.6,3655,3647.4,3654.2,4672,5119830480,134691
2015/1/7 9:42,3654.2,3661.6,3652.6,3661.6,6171,6770811240,134343
2015/1/7 9:43,3660.8,3660.8,3657,3659.6,4118,4520344200,134366
2015/1/7 9:44,3659.6,3661,3657.6,3658.2,4340,4764420780,134233
2015/1/7 9:45,3657.6,3666.6,3657.2,3666,6744,7412930280,134225
2015/1/7 9:46,3666.2,3666.2,3660.4,3662,5082,5584657380,134407
2015/1/7 9:47,3661.8,3665.8,3661.8,3665.8,2848,3130203000,134772
2015/1/7 9:48,3665.4,3666.4,3661.6,3663.2,4709,5175755580,135136
2015/1/7 9:49,3663.8,3663.8,3659,3659.6,3815,4190027760,135113
2015/1/7 9:50,3659.6,3665.4,3658.8,3665,3503,3848550060,135218
2015/1/7 9:51,3665.2,3668.6,3661.8,3667,6032,6634271040,135307
2015/1/7 9:52,3667.6,3668.6,3664.8,3667.8,3753,4128708120,135372
2015/1/7 9:53,3667.6,3668,3664,3665.6,3150,3464617740,135682
2015/1/7 9:54,3665.6,3666.2,3662.2,3664.4,4131,4541587860,136014
2015/1/7 9:55,3663.8,3667,3662.8,3666.6,2455,2699147940,136189
2015/1/7 9:56,3667,3674,3666.8,3666.8,8251,9085378140,136493
2015/1/7 9:57,3666.6,3668.2,3659.4,3660.2,7944,8727687660,136185
2015/1/7 9:58,3660.4,3662,3658.4,3660.6,4003,4395656040,136799
2015/1/7 9:59,3660.6,3662.4,3659.2,3660,3257,3576847860,137073
2015/1/7 10:00,3660.2,3661.2,3657.8,3658.4,3484,3824619900,137273
2015/1/7 10:01,3658,3665.2,3658,3664.2,4971,5463210120,137338
2015/1/7 10:02,3664.8,3670.8,3663.4,3669.6,4941,5435534880,137233
2015/1/7 10:03,3669,3672,3668.4,3671.8,4265,4695979560,137585
2015/1/7 10:04,3671.8,3674.4,3669.2,3669.6,5888,6486765660,137647
2015/1/7 10:05,3670.4,3672.8,3668.8,3672.8,2984,3285969960,137817
2015/1/7 10:06,3673.2,3674.2,3668.6,3669.2,3651,4020537660,138034
2015/1/7 10:07,3669.2,3674,3668.6,3673.8,4431,4880653620,138200
2015/1/7 10:08,3674,3674,3670.2,3673.2,3431,3780168900,138615
2015/1/7 10:09,3672.8,3675,3672.6,3674.8,3767,4151943060,138573
2015/1/7 10:10,3674.8,3677.4,3672.2,3677.2,6411,7067470980,138364
2015/1/7 10:11,3677.8,3678.4,3671,3673.4,5885,6487253580,138674
2015/1/7 10:12,3673.4,3674,3671.8,3673,2610,2875811700,138979
2015/1/7 10:13,3673.2,3678.8,3671,3677.2,5266,5806399020,139247
2015/1/7 10:14,3677.6,3680.2,3671.6,3672.2,7856,8666266920,139291
2015/1/7 10:15,3672,3680.8,3671.2,3680,6363,7017914100,139477
2015/1/7 10:16,3680.6,3681.6,3678,3681.4,4516,4985629260,139772
2015/1/7 10:17,3681.6,3681.6,3678,3680,4207,4644386820,140083
2015/1/7 10:18,3680.2,3684.2,3678,3682.4,5587,6170574180,140057
2015/1/7 10:19,3682.8,3683,3679.6,3682,3714,4101916440,140539
2015/1/7 10:20,3682,3682.6,3676.6,3677.2,6364,7023338220,140842
2015/1/7 10:21,3677.2,3681.8,3675,3677,5389,5945868060,140622
2015/1/7 10:22,3677.2,3680.8,3673.6,3675.4,5076,5599187160,140962
2015/1/7 10:23,3675.4,3677.4,3672.2,3675.2,5200,5732639700,140538
2015/1/7 10:24,3675,3679.6,3672.2,3673.8,4791,5282331480,140200
2015/1/7 10:25,3674.2,3676.4,3673.6,3673.6,2071,2283382320,140208
2015/1/7 10:26,3673.6,3676,3671.8,3672.2,4517,4977456240,139702
2015/1/7 10:27,3672.6,3679,3671.8,3679,4308,4750940280,139242
2015/1/7 10:28,3679.2,3681,3676.8,3679.6,4441,4902448080,139189
2015/1/7 10:29,3680,3681.4,3679,3681.2,3002,3314356080,139332
2015/1/7 10:30,3681.2,3681.8,3678.2,3678.4,3673,4055108220,139755
2015/1/7 10:31,3678.4,3682.6,3678.2,3679.8,3525,3892028760,139813
2015/1/7 10:32,3680.6,3680.6,3675.2,3676.8,3874,4274340900,139503
2015/1/7 10:33,3676.6,3677.2,3668.4,3668.4,7667,8447200260,139460
2015/1/7 10:34,3668,3668.4,3663.2,3668.4,9796,10775163660,138369
2015/1/7 10:35,3668.6,3671.8,3667,3667,5302,5836405080,138740
2015/1/7 10:36,3667,3669.8,3667,3669.4,3406,3748761840,139076
2015/1/7 10:37,3669.6,3672.2,3667,3667.4,4587,5049963000,139365
2015/1/7 10:38,3667.8,3668.8,3665,3666.4,4146,4561030080,139289
2015/1/7 10:39,3666.4,3677.4,3666.4,3674,7949,8759134440,137623
2015/1/7 10:40,3673.8,3674.6,3670.8,3671.4,3429,3777544260,137818
2015/1/7 10:41,3671.6,3671.8,3661,3661,8010,8808130440,137372
2015/1/7 10:42,3661.2,3665.6,3660.8,3660.8,6468,7108464180,137151
2015/1/7 10:43,3660.8,3662.6,3658,3661.4,7359,8080058940,136967
2015/1/7 10:44,3661,3663.4,3658.4,3663.4,4650,5107584180,137062
2015/1/7 10:45,3663.8,3664.6,3659.8,3660.6,5296,5819007840,136858
2015/1/7 10:46,3660,3665,3658.4,3665,4883,5363817480,137069
2015/1/7 10:47,3664.4,3665,3661,3662.6,3444,3785009940,137012
2015/1/7 10:48,3662.8,3667,3660.2,3660.2,4751,5223362400,136969
2015/1/7 10:49,3660,3660,3652,3654.4,10245,11234830560,136338
2015/1/7 10:50,3654.6,3657.4,3653.4,3654.2,4247,4656970860,136488
2015/1/7 10:51,3653.8,3659.6,3653,3658.2,4711,5168232060,136561
2015/1/7 10:52,3657.6,3661.6,3656,3659.8,4882,5359745160,136296
2015/1/7 10:53,3659.4,3662.4,3659.4,3661.6,3128,3435118920,136366
2015/1/7 10:54,3661.4,3664.8,3657,3662.6,5256,5772818040,136085
2015/1/7 10:55,3663.2,3663.2,3659.6,3662,3527,3873782940,136135
2015/1/7 10:56,3661.8,3663.8,3660.2,3663.6,3109,3415644240,136142
2015/1/7 10:57,3663.6,3668.2,3662.4,3666.6,6101,6710416920,136023
2015/1/7 10:58,3667.4,3668.8,3667,3667.4,3550,3906270240,136318
2015/1/7 10:59,3667,3668,3665,3666.4,2976,3273398880,136244
2015/1/7 11:00,3666.2,3669,3665.6,3667.8,3051,3356883960,136633
2015/1/7 11:01,3668.2,3671.6,3668,3671,4471,4922850060,136577
2015/1/7 11:02,3671,3672,3670,3670.8,2694,2967072780,136567
2015/1/7 11:03,3670.8,3672.6,3670.8,3672.4,2333,2569930980,136499
2015/1/7 11:04,3673.2,3674.4,3669,3670.6,4907,5404487280,136252
2015/1/7 11:05,3670.8,3671.2,3668,3668.4,3628,3993461940,136359
2015/1/7 11:06,3669,3672.6,3668.8,3670.4,3116,3431144520,136551
2015/1/7 11:07,3670.2,3671.2,3666.6,3666.8,3663,4030901400,136311
2015/1/7 11:08,3666.8,3671.2,3666,3669.2,3765,4143415620,136432
2015/1/7 11:09,3669.2,3674,3667.8,3673.2,5050,5563462800,136469
2015/1/7 11:10,3673.2,3674,3671.6,3673.2,2673,2945196600,136570
2015/1/7 11:11,3673.8,3675.2,3672.8,3675.2,4631,5104860540,136366
2015/1/7 11:12,3674.8,3677.8,3674.2,3677.6,5346,5896202220,136305
2015/1/7 11:13,3677.6,3677.8,3673,3674,4294,4734123960,135861
2015/1/7 11:14,3674.4,3677,3672.6,3675.2,3049,3361357560,135878
2015/1/7 11:15,3675.2,3677.2,3672.8,3677.2,2785,3070062720,135877
2015/1/7 11:16,3677.6,3678,3674.2,3677.4,2803,3091674420,136059
2015/1/7 11:17,3677.8,3679,3675,3675.2,3776,4165722600,136085
2015/1/7 11:18,3675,3678.8,3671.2,3677.6,5872,6472732800,135781
2015/1/7 11:19,3678.2,3681,3677.6,3678.8,7174,7919026860,135380
2015/1/7 11:20,3678.6,3678.6,3672,3673.6,5624,6199251540,134943
2015/1/7 11:21,3673.6,3674,3670.4,3673.2,4507,4964786940,134614
2015/1/7 11:22,3673,3674.8,3671.4,3672.4,3237,3567005220,134673
2015/1/7 11:23,3672.2,3673.2,3666.2,3668.6,6618,7284098640,133961
2015/1/7 11:24,3668.6,3669,3663.4,3664.4,5545,6096866520,133503
2015/1/7 11:25,3663.6,3665.6,3662.8,3663.8,3586,3941870100,133647
2015/1/7 11:26,3663.4,3664.4,3661,3664.2,4306,4731696780,133539
2015/1/7 11:27,3664.4,3668,3661.6,3663,5652,6214394340,133290
2015/1/7 11:28,3663,3665.4,3662.4,3664.8,2692,2959090560,133121
2015/1/7 11:29,3664.2,3664.6,3659.6,3660.2,5253,5769620220,132904
2015/1/7 11:30,3659.8,3660.4,3655.8,3658.6,5679,6232232700,131985
2015/1/7 13:01,3659,3664.8,3658.2,3662.4,5516,6059034600,132384
2015/1/7 13:02,3662.4,3663.8,3661,3662.8,2267,2490698820,132646
2015/1/7 13:03,3662.8,3666.8,3662.6,3666.4,4081,4487918100,132743
2015/1/7 13:04,3666.2,3669,3664.8,3665.4,4105,4515361260,132593
2015/1/7 13:05,3665.4,3666.4,3658.6,3659.4,4771,5242528500,132932
2015/1/7 13:06,3660,3660,3650.2,3650.2,8410,9222024360,133259
2015/1/7 13:07,3651,3651,3645.8,3648,8385,9177233100,133344
2015/1/7 13:08,3648.4,3650.8,3645,3647.4,6597,7218439020,133764
2015/1/7 13:09,3648.2,3650,3645.8,3648.6,3987,4363501860,134122
2015/1/7 13:10,3649.2,3649.2,3644.2,3646.8,5510,6026883840,134398
2015/1/7 13:11,3646.8,3649.2,3646.6,3647.6,3506,3836803860,134528
2015/1/7 13:12,3648,3648,3642.8,3645.4,5387,5890179180,135099
2015/1/7 13:13,3645.4,3647.2,3643.4,3646.8,3391,3708179700,135192
2015/1/7 13:14,3646.4,3651.8,3646.2,3650.6,5766,6313020540,135211
2015/1/7 13:15,3650.4,3651.4,3649.2,3649.4,2632,2882162280,135320
2015/1/7 13:16,3649.4,3649.4,3642,3643.2,6574,7189711680,135691
2015/1/7 13:17,3643.8,3646.8,3640.4,3644.6,5769,6305186880,136057
2015/1/7 13:18,3644.2,3650.2,3643.4,3648,5142,5626411380,136051
2015/1/7 13:19,3648.4,3649.4,3646.8,3647.6,2895,3168414600,136433
2015/1/7 13:20,3647.4,3649.8,3643.4,3643.8,3440,3763243080,136572
2015/1/7 13:21,3643.4,3646.8,3638.8,3646,8680,9484402200,136837
2015/1/7 13:22,3645.8,3647.2,3642.6,3646.2,3488,3814477620,136803
2015/1/7 13:23,3646.4,3653.6,3646.2,3651.8,7557,8277139440,136080
2015/1/7 13:24,3651.8,3652,3649,3651.6,3871,4239604140,136033
2015/1/7 13:25,3652,3653,3650.2,3652,2746,3008437860,135929
2015/1/7 13:26,3652.6,3655,3652.2,3654.6,4095,4489261140,135373
2015/1/7 13:27,3654.6,3656.8,3654,3654.6,4266,4678839180,135218
2015/1/7 13:28,3654.8,3655.2,3650.2,3650.8,4554,4990050240,134866
2015/1/7 13:29,3651.2,3652,3649,3651.2,3508,3841706520,135082
2015/1/7 13:30,3650.6,3653,3650,3650.6,2762,3025789740,135358
2015/1/7 13:31,3651,3652.4,3647,3647,3516,3850377060,135692
2015/1/7 13:32,3646.8,3647.6,3627.8,3631.8,20772,22652485620,133996
2015/1/7 13:33,3632.2,3632.4,3625.4,3628.4,8336,9074909580,134294
2015/1/7 13:34,3628.4,3632,3626.6,3630.8,6383,6950128200,134833
2015/1/7 13:35,3630.8,3634.8,3629.4,3632.2,6321,6887154960,134796
2015/1/7 13:36,3632,3636.4,3630.8,3634.2,6155,6710953380,134631
2015/1/7 13:37,3634.6,3634.6,3630.8,3633.4,3866,4212931500,134638
2015/1/7 13:38,3633.4,3635.8,3630.4,3634,3769,4108074420,134506
2015/1/7 13:39,3633.6,3639,3629.6,3638.2,6326,6895974000,134663
2015/1/7 13:40,3637.4,3641,3637.4,3637.8,6137,6700099920,134542
2015/1/7 13:41,3637.8,3638.6,3636.8,3638.4,2591,2827612860,134823
2015/1/7 13:42,3638.8,3638.8,3631,3633.2,5230,5701640220,134419
2015/1/7 13:43,3632.6,3634.8,3630,3631.8,3915,4266199140,134886
2015/1/7 13:44,3632.8,3632.8,3625,3629.4,6941,7555083000,135049
2015/1/7 13:45,3629.2,3631.8,3622.6,3622.6,6321,6879946260,135265
2015/1/7 13:46,3622.2,3626.6,3620.2,3621,10083,10959037140,136323
2015/1/7 13:47,3620.6,3622.4,3620,3621,6044,6565755960,137242
2015/1/7 13:48,3620.6,3624.6,3617.4,3624.2,8379,9102616980,137299
2015/1/7 13:49,3624.2,3625.4,3621,3623.2,4479,4869494520,137483
2015/1/7 13:50,3623.2,3627,3622.8,3624.2,4428,4816122840,137775
2015/1/7 13:51,3624.6,3628,3623.4,3627.6,3605,3921659460,137754
2015/1/7 13:52,3627.6,3627.6,3622.6,3623.6,3681,4002784920,137685
2015/1/7 13:53,3623.2,3623.2,3619.2,3619.2,5556,6035423220,137801
2015/1/7 13:54,3618.8,3623,3616.6,3620,7746,8409737460,138252
2015/1/7 13:55,3620.2,3621.6,3616,3617.4,5946,6455020560,138333
2015/1/7 13:56,3617,3624.4,3616.6,3622.2,7352,7987871580,138217
2015/1/7 13:57,3622.6,3623,3619.4,3623,4146,4504274520,138687
2015/1/7 13:58,3623,3626.2,3623,3623.8,4176,4540824780,138809
2015/1/7 13:59,3623.8,3626.2,3621.4,3625.6,4086,4441954260,138891
2015/1/7 14:00,3625.6,3626,3620.6,3622.6,4650,5054498160,138468
2015/1/7 14:01,3622.6,3623.8,3615.8,3619.6,7914,8590721520,138203
2015/1/7 14:02,3619.6,3644.6,3618.4,3639,15037,16387709280,135635
2015/1/7 14:03,3638.8,3643.8,3636,3640.4,11244,12277239720,134627
2015/1/7 14:04,3641,3642.4,3638.6,3642,5682,6206154060,133913
2015/1/7 14:05,3642.2,3642.4,3640.4,3641,3638,3974273580,133890
2015/1/7 14:06,3641,3649.6,3641,3644.6,8585,9389685120,133079
2015/1/7 14:07,3644.6,3646.8,3642.4,3644.6,4185,4575742320,132585
2015/1/7 14:08,3645,3645.4,3641.8,3641.8,3953,4320917760,132169
2015/1/7 14:09,3641.6,3643.6,3641.4,3643.4,2880,3147161220,132194
2015/1/7 14:10,3643.2,3643.6,3632.2,3635.6,10194,11123351460,130828
2015/1/7 14:11,3635.6,3637.6,3632,3635.2,5085,5545251840,130881
2015/1/7 14:12,3635.4,3639.2,3635,3636.4,4366,4764290760,131351
2015/1/7 14:13,3636.6,3641.6,3635.8,3640.2,4417,4823040960,131593
2015/1/7 14:14,3640.4,3643.4,3636.8,3642.8,4623,5048963760,131592
2015/1/7 14:15,3642.8,3646,3640.4,3642.6,6713,7337230320,132117
2015/1/7 14:16,3642.6,3648,3641.4,3646.8,5370,5871420240,132159
2015/1/7 14:17,3647.2,3649.8,3645,3649.6,6151,6731943060,132365
2015/1/7 14:18,3649.6,3649.6,3645.8,3648,4694,5137152540,132178
2015/1/7 14:19,3648,3649.6,3646.2,3647.4,4279,4683518820,131689
2015/1/7 14:20,3648,3648.4,3644.2,3645,3588,3924770040,131375
2015/1/7 14:21,3645.2,3649.6,3645.2,3649.6,3916,4286074860,131742
2015/1/7 14:22,3649.2,3649.8,3646.6,3648.2,3448,3773798460,131528
2015/1/7 14:23,3648.4,3648.6,3643.2,3643.4,4319,4723439220,131820
2015/1/7 14:24,3643.4,3648,3641,3647.8,5536,6053092020,131659
2015/1/7 14:25,3647.8,3653.2,3647.4,3651.6,8602,9421011660,130829
2015/1/7 14:26,3651.6,3657.8,3650.8,3656.4,8489,9308316900,130890
2015/1/7 14:27,3656,3656.2,3653.8,3655.8,3974,4357759500,131090
2015/1/7 14:28,3655.8,3658,3654.2,3657.8,4282,4696770360,131375
2015/1/7 14:29,3657.4,3659.4,3655,3656,5765,6325259100,131424
2015/1/7 14:30,3655,3656,3653.8,3654.8,3400,3727823400,131490
2015/1/7 14:31,3654.8,3659,3654.8,3655.2,3509,3849353520,131644
2015/1/7 14:32,3655.4,3655.8,3648.6,3650.2,7317,8013901740,130834
2015/1/7 14:33,3649.8,3650.2,3646,3648.8,4736,5183350140,130820
2015/1/7 14:34,3649,3649.4,3645.6,3649.2,3859,4223102700,130995
2015/1/7 14:35,3649.2,3650.8,3645,3646.8,4527,4953431460,131002
2015/1/7 14:36,3646.8,3647,3640,3643.6,7138,7801259820,129765
2015/1/7 14:37,3644,3647.8,3644,3647.4,3425,3746556660,129768
2015/1/7 14:38,3647.8,3650.6,3647.2,3650.2,3230,3536331480,129720
2015/1/7 14:39,3650.2,3655.2,3649.6,3655,4651,5097012900,129886
2015/1/7 14:40,3655,3658.6,3654.4,3658.4,4799,5263638360,129665
2015/1/7 14:41,3658.6,3661,3657.6,3660.2,8604,9445894320,128929
2015/1/7 14:42,3660.2,3660.6,3657.6,3658.6,4757,5221853520,128824
2015/1/7 14:43,3658.2,3661.8,3656.2,3661.6,5307,5825498400,128850
2015/1/7 14:44,3661.2,3666.4,3660.2,3665,8203,9016249500,128579
2015/1/7 14:45,3665,3665.6,3660.4,3664,5193,5707129800,129151
2015/1/7 14:46,3664.2,3664.4,3659.4,3660.2,4368,4798110240,129153
2015/1/7 14:47,3660.8,3666.4,3660,3664.6,4389,4824169920,129179
2015/1/7 14:48,3665,3667.4,3660.6,3662,6416,7052962260,128737
2015/1/7 14:49,3662,3663.8,3659.2,3662.2,4603,5056213020,128977
2015/1/7 14:50,3662.8,3664.2,3660.8,3661.6,3154,3465277320,129232
2015/1/7 14:51,3661.6,3663.4,3659.2,3660.4,3985,4377162120,129322
2015/1/7 14:52,3660.2,3661.6,3656.4,3656.4,5061,5554887540,128740
2015/1/7 14:53,3656.4,3658.6,3651.2,3652.8,7913,8674774920,127606
2015/1/7 14:54,3652.8,3654.8,3652.2,3652.2,4265,4674541860,127556
2015/1/7 14:55,3652.6,3654.2,3650.8,3652.6,5217,5715644640,126844
2015/1/7 14:56,3653,3655.8,3652.8,3653.6,3955,4335955920,126866
2015/1/7 14:57,3653.6,3660.2,3653.6,3656,4953,5434428660,125794
2015/1/7 14:58,3656.2,3656.6,3652.8,3653.6,2742,3006040260,125901
2015/1/7 14:59,3653.6,3653.6,3651.2,3653.2,3313,3629876460,125889
2015/1/7 15:00,3653,3654.8,3652.2,3653.8,2703,2962572960,125532
2015/1/7 15:01,3654.2,3657.6,3651.2,3652.6,4957,5434584840,124748
2015/1/7 15:02,3652.6,3654.8,3652,3654.2,1831,2006740920,124618
2015/1/7 15:03,3653.8,3655.2,3653.4,3655.2,1328,1455764880,124353
2015/1/7 15:04,3655.4,3659,3653.4,3659,3818,4187295540,123647
2015/1/7 15:05,3659,3659,3655.8,3657.2,2473,2713309320,122920
2015/1/7 15:06,3657,3657.4,3655,3655.8,1515,1661764440,122787
2015/1/7 15:07,3655.6,3656.4,3654,3654,1708,1872786120,122472
2015/1/7 15:08,3654,3656,3654,3654.8,1222,1339977420,122326
2015/1/7 15:09,3655.2,3656,3654.2,3654.8,1155,1266549960,122001
2015/1/7 15:10,3654.8,3656.6,3654.8,3655.8,1210,1327116300,121558
2015/1/7 15:11,3656.6,3659,3654.8,3657.2,3586,3934338420,120257
2015/1/7 15:12,3657,3664,3657,3662.8,4857,5333980080,118670
2015/1/7 15:13,3662.8,3666,3662.8,3664.6,3959,4352363760,117729
2015/1/7 15:14,3664.8,3669.6,3663.6,3668.6,4931,5424931320,116267
2015/1/7 15:15,3667.8,3667.8,3663.2,3663.2,4397,4835590140,114534
2015/1/8 9:16,3676.6,3679.2,3671.2,3671.2,10495,11571123780,116380
2015/1/8 9:17,3671,3673,3669.2,3671,4189,4613758920,116855
2015/1/8 9:18,3671,3672.8,3670.4,3672,1923,2118351120,116993
2015/1/8 9:19,3672.4,3672.6,3671.2,3672,1514,1667744520,117211
2015/1/8 9:20,3672.2,3674,3671.4,3673.6,2175,2396351280,117521
2015/1/8 9:21,3673.4,3673.6,3672,3673.2,1212,1335445440,117566
2015/1/8 9:22,3673.2,3673.2,3671.4,3671.6,1567,1726249080,117808
2015/1/8 9:23,3671.8,3674.8,3671.2,3673.2,2516,2772405780,117756
2015/1/8 9:24,3673.2,3674.2,3673,3673.2,1556,1714845300,117748
2015/1/8 9:25,3673.2,3673.8,3672.2,3673.4,1167,1285914780,117996
2015/1/8 9:26,3673,3675.2,3673,3675.2,1970,2171517780,118027
2015/1/8 9:27,3675.2,3676.6,3673.8,3675,2059,2270172240,118239
2015/1/8 9:28,3674.6,3677.4,3673.8,3677.2,2038,2247194220,118379
2015/1/8 9:29,3677.8,3677.8,3675.2,3675.6,1751,1931289840,118539
2015/1/8 9:30,3675.6,3675.6,3672,3672,2612,2878631160,118655
2015/1/8 9:31,3672,3674.4,3667.6,3669.6,5653,6225661620,118430
2015/1/8 9:32,3668.8,3670.6,3665,3668,5851,6439163700,118502
2015/1/8 9:33,3667.6,3672.4,3667.6,3671,3524,3880431060,118680
2015/1/8 9:34,3671.4,3672,3664.2,3666,5407,5948323260,119217
2015/1/8 9:35,3665.4,3666.2,3663.6,3665.2,3478,3823920780,119579
2015/1/8 9:36,3665.2,3666.8,3661.2,3661.8,4757,5228187540,119922
2015/1/8 9:37,3662.4,3666.2,3661.4,3665.2,4998,5493685020,120077
2015/1/8 9:38,3665.2,3666,3662.4,3663.6,2847,3129825660,120485
2015/1/8 9:39,3663.8,3664.8,3658.6,3659.2,3927,4313968260,120843
2015/1/8 9:40,3659.4,3659.6,3655,3657.4,6522,7155154740,121061
2015/1/8 9:41,3657.2,3658,3652.8,3652.8,4930,5405690280,121899
2015/1/8 9:42,3653,3658.6,3653,3655.8,4812,5278080000,122187
2015/1/8 9:43,3655.4,3658,3652.6,3653,4226,4633864680,122730
2015/1/8 9:44,3653.4,3656,3652,3652,4118,4513778940,123628
2015/1/8 9:45,3652,3657.6,3652,3656.4,4437,4864172640,124023
2015/1/8 9:46,3655.8,3657.6,3655.2,3657.2,3097,3397302660,124370
2015/1/8 9:47,3656.8,3657.2,3651.6,3651.6,4270,4680705900,124839
2015/1/8 9:48,3651.8,3654.4,3649,3650.6,5918,6482230680,125132
2015/1/8 9:49,3649.6,3658.6,3647.8,3657.6,7238,7935220020,125193
2015/1/8 9:50,3657.6,3658.6,3656,3656,3417,3749075940,125417
2015/1/8 9:51,3656,3656.6,3650.6,3652,5205,5704679520,125380
2015/1/8 9:52,3652.2,3653.2,3648.2,3651.2,5985,6554502840,125159
2015/1/8 9:53,3650.8,3651,3643.4,3645.6,6769,7404242340,125640
2015/1/8 9:54,3645.8,3646.6,3641.4,3642.8,4710,5149186740,125784
2015/1/8 9:55,3642.6,3645.2,3641.2,3643.8,4446,4859252940,126393
2015/1/8 9:56,3643.4,3646.4,3641.2,3646,4567,4991383020,126737
2015/1/8 9:57,3646,3647.4,3642.6,3643.6,4534,4957684140,127090
2015/1/8 9:58,3643.2,3644.2,3633.2,3635.8,11015,12024087180,126822
2015/1/8 9:59,3636,3641.2,3635.4,3638.4,5287,5771091600,127059
2015/1/8 10:00,3638.4,3640.8,3635,3636.4,4334,4729422840,127438
2015/1/8 10:01,3635,3642,3634,3639,5716,6239905860,127664
2015/1/8 10:02,3639,3639.6,3630,3630.4,7576,8256582360,127868
2015/1/8 10:03,3630.2,3631.4,3622.2,3622.4,9742,10599282660,127996
2015/1/8 10:04,3622.4,3624.4,3602.4,3604,17439,18910839360,128268
2015/1/8 10:05,3605.8,3612.4,3605.8,3607.8,11496,12449301060,128408
2015/1/8 10:06,3607.2,3610.4,3600.2,3607,11547,12485397480,128670
2015/1/8 10:07,3606,3609.2,3603.4,3606.8,5420,5863614480,129364
2015/1/8 10:08,3606.4,3612.2,3606.4,3607,6754,7314741660,129379
2015/1/8 10:09,3606.8,3610.6,3598.8,3603.8,10105,10923002520,129961
2015/1/8 10:10,3603.8,3606.2,3599.2,3603,6321,6832387620,130295
2015/1/8 10:11,3602.6,3602.6,3577,3588,19670,21173908380,129290
2015/1/8 10:12,3586.8,3590.8,3577.8,3579.4,9684,10413827820,129914
2015/1/8 10:13,3578.4,3581.2,3558,3560.8,15759,16875967560,129766
2015/1/8 10:14,3561.4,3569.6,3558.2,3569.6,10847,11598373380,129797
2015/1/8 10:15,3570.6,3573.2,3565.4,3570.8,8265,8851072560,130166
2015/1/8 10:16,3569.4,3576.2,3562.2,3574.2,9090,9737160360,130672
2015/1/8 10:17,3574.4,3582.4,3573,3574.4,8711,9350446800,130069
2015/1/8 10:18,3574.4,3579,3570.2,3575.8,5975,6408231000,130150
2015/1/8 10:19,3576,3578.2,3567,3578.2,6672,7151169240,130054
2015/1/8 10:20,3577.8,3578.2,3570.6,3573.2,4193,4495632840,130102
2015/1/8 10:21,3573.2,3581.2,3572,3576.2,7491,8039032080,129866
2015/1/8 10:22,3577.2,3582,3574.6,3579.4,5085,5460015420,129815
2015/1/8 10:23,3579.6,3581.4,3574.6,3578.8,4747,5095172280,130040
2015/1/8 10:24,3578.4,3580,3575.8,3577,4131,4434080880,130332
2015/1/8 10:25,3577.4,3578.4,3572.4,3578,6470,6940191780,130168
2015/1/8 10:26,3578,3587.2,3573.8,3584,7622,8189688120,129395
2015/1/8 10:27,3583.6,3583.6,3578.8,3582,4585,4926681180,129139
2015/1/8 10:28,3582.6,3584.4,3577,3578.6,6219,6679895640,129253
2015/1/8 10:29,3579,3581.2,3574.8,3578.8,4934,5295636180,129192
2015/1/8 10:30,3579.2,3581.2,3575,3578.2,4914,5274035460,128737
2015/1/8 10:31,3577.4,3577.8,3575,3575.8,4641,4978927620,128990
2015/1/8 10:32,3576.2,3583,3575.8,3581.4,4786,5139782760,128475
2015/1/8 10:33,3581.4,3598,3579.2,3592.2,11675,12578999460,126765
2015/1/8 10:34,3592.6,3606.8,3591.8,3604.8,12338,13323864180,126483
2015/1/8 10:35,3604.8,3607.6,3599.2,3601.4,8254,8922864300,125960
2015/1/8 10:36,3601.4,3602.6,3596.6,3599.6,5425,5858356800,125774
2015/1/8 10:37,3599.6,3600.8,3596.8,3599,3184,3437955960,126094
2015/1/8 10:38,3599.6,3599.6,3593.4,3595,5858,6318824280,125150
2015/1/8 10:39,3594.8,3596.4,3593.6,3595,3298,3556975080,125242
2015/1/8 10:40,3595,3600.4,3593.6,3595.6,4631,4996675440,125238
2015/1/8 10:41,3596.4,3600,3592.8,3597.4,4494,4848608040,125432
2015/1/8 10:42,3597.4,3602.8,3594,3595.8,5448,5881087560,125590
2015/1/8 10:43,3595.8,3597,3585.4,3585.8,8868,9549431760,124750
2015/1/8 10:44,3586.4,3589,3582.8,3586.2,5555,5975836380,124382
2015/1/8 10:45,3586.2,3587.6,3567.2,3567.2,13481,14462250780,124140
2015/1/8 10:46,3567,3573,3566.2,3571.6,8433,9032003280,125076
2015/1/8 10:47,3571,3576.4,3569.4,3574.2,5939,6365922960,125348
2015/1/8 10:48,3574.2,3576.4,3571.4,3576.4,3667,3931649760,125749
2015/1/8 10:49,3576.2,3589.4,3576,3582.4,8997,9675509460,124935
2015/1/8 10:50,3581.4,3591.8,3579.8,3590.8,7355,7914209460,124543
2015/1/8 10:51,3591.6,3597.8,3591.6,3596.2,7429,8012449860,124510
2015/1/8 10:52,3595.8,3596.8,3593.6,3596,3640,3926177940,124704
2015/1/8 10:53,3595.6,3599,3595.2,3596.8,4244,4580530860,124281
2015/1/8 10:54,3596.6,3602.8,3595.8,3601.2,5596,6042233400,124394
2015/1/8 10:55,3602,3603.6,3595.6,3598.2,4862,5249528100,124352
2015/1/8 10:56,3598,3601.6,3596.8,3597.6,2722,2938777800,124497
2015/1/8 10:57,3598,3606.6,3598,3606,6921,7483973400,123845
2015/1/8 10:58,3605.8,3608,3604.4,3605.2,5618,6078019980,123071
2015/1/8 10:59,3605.8,3614,3605.8,3609.6,9609,10407183180,122166
2015/1/8 11:00,3609.6,3609.6,3603.4,3606.6,5903,6386061900,121475
2015/1/8 11:01,3606.4,3606.4,3600.4,3600.4,4450,4810765860,121609
2015/1/8 11:02,3600.6,3606.6,3600.6,3604.4,3463,3743895600,121688
2015/1/8 11:03,3604.8,3610.6,3601.8,3602.8,6353,6872945280,121618
2015/1/8 11:04,3602.8,3610.2,3602.8,3606.8,4129,4468597200,121734
2015/1/8 11:05,3607.2,3610,3605,3605,2874,3110741760,121780
2015/1/8 11:06,3607.2,3619.4,3604,3617.8,10923,11844574680,120993
2015/1/8 11:07,3617.4,3617.8,3611.8,3614.2,5393,5847520500,120657
2015/1/8 11:08,3614.2,3614.2,3602.6,3607,7035,7613827980,120169
2015/1/8 11:09,3606.2,3607,3603.8,3605.2,3537,3825687300,120446
2015/1/8 11:10,3605.6,3606.2,3594.2,3599,9556,10316163420,119585
2015/1/8 11:11,3599.2,3600.8,3596.4,3598,3732,4029135900,119756
2015/1/8 11:12,3597.4,3603.4,3596.8,3600.2,4379,4730211600,119942
2015/1/8 11:13,3600.4,3602,3597,3597.8,2731,2948943480,119991
2015/1/8 11:14,3597.2,3606.8,3597,3603,5038,5444678040,119705
2015/1/8 11:15,3603,3603.6,3592.2,3595.4,6712,7240769580,119652
2015/1/8 11:16,3595.4,3595.8,3580.4,3583.2,9880,10632620340,118970
2015/1/8 11:17,3582,3585.8,3578.8,3578.8,6359,6835078140,119339
2015/1/8 11:18,3579.4,3586.8,3579.4,3581.8,6732,7236252840,119615
2015/1/8 11:19,3581,3582,3574,3582,8439,9058452540,120189
2015/1/8 11:20,3582.6,3590.6,3582,3582.6,7685,8268106320,120047
2015/1/8 11:21,3582,3586,3582,3584.6,3164,3401925480,120519
2015/1/8 11:22,3584.4,3588.6,3580,3588,5274,5671357800,120128
2015/1/8 11:23,3587.8,3588.6,3583.6,3587,2552,2745746040,120332
2015/1/8 11:24,3587,3588.6,3578.2,3578.2,4887,5253935760,120114
2015/1/8 11:25,3577.6,3581.8,3575.6,3579.4,6086,6533639280,120247
2015/1/8 11:26,3578.6,3585.2,3576.8,3579,5144,5526709020,120414
2015/1/8 11:27,3578.2,3581.4,3574.4,3579.2,4166,4471445760,120573
2015/1/8 11:28,3579.4,3583.4,3573,3577.6,5005,5371487220,120144
2015/1/8 11:29,3577,3580,3575.8,3579.2,2880,3091278900,120076
2015/1/8 11:30,3579,3580,3573,3576.6,4527,4857321900,119483
2015/1/8 13:01,3576,3577.6,3565.4,3565.4,7602,8146962060,120048
2015/1/8 13:02,3565.4,3571.4,3565.4,3571.4,4358,4665280920,120006
2015/1/8 13:03,3571.2,3579.6,3570.8,3578.2,4662,5000496300,119852
2015/1/8 13:04,3578,3579.4,3576.4,3579.2,2705,2903518920,120319
2015/1/8 13:05,3579,3588,3578.6,3584.6,6936,7456680840,120030
2015/1/8 13:06,3584.8,3590.2,3583,3588.2,5858,6304893000,120867
2015/1/8 13:07,3588.2,3588.6,3585.6,3586.4,2555,2749740900,120835
2015/1/8 13:08,3586.2,3586.6,3583.8,3585.2,2019,2171757180,120659
2015/1/8 13:09,3585.6,3587,3580.6,3583.4,3646,3919882680,120545
2015/1/8 13:10,3583.4,3585.2,3580.6,3582.4,2681,2881863120,120643
2015/1/8 13:11,3582.6,3587.8,3576,3579.4,6671,7166245620,120680
2015/1/8 13:12,3578.8,3583.4,3577.4,3579.6,3339,3586309380,120808
2015/1/8 13:13,3579.6,3580.4,3572.4,3575.6,5885,6312365340,120914
2015/1/8 13:14,3575.6,3577.4,3566.2,3568.6,6042,6473046540,120971
2015/1/8 13:15,3568.8,3571,3558.2,3560,12756,13636636920,122192
2015/1/8 13:16,3560.2,3563,3553.2,3560,10838,11569918080,122116
2015/1/8 13:17,3560.6,3566.6,3560,3562,5689,6082069320,122537
2015/1/8 13:18,3562.2,3568.2,3561.8,3568,4476,4788514500,122783
2015/1/8 13:19,3568.4,3568.6,3562.6,3568.6,3979,4257045000,122527
2015/1/8 13:20,3568.4,3578.8,3568.4,3577.2,9061,9715520040,121824
2015/1/8 13:21,3577.6,3586.8,3577.6,3583.6,9693,10421091240,120645
2015/1/8 13:22,3583.4,3584.8,3582.6,3584.2,3810,4096383360,120741
2015/1/8 13:23,3584.2,3584.8,3583,3583.8,2771,2979194640,121156
2015/1/8 13:24,3583.8,3584.6,3581.8,3582.6,4249,4567333680,121109
2015/1/8 13:25,3582.8,3586.6,3581.6,3582.4,5316,5715902700,121346
2015/1/8 13:26,3582.4,3585.2,3581.8,3581.8,2929,3148860060,121182
2015/1/8 13:27,3581.8,3582,3575.2,3578.2,7415,7960215240,121155
2015/1/8 13:28,3578,3581.8,3572.4,3576.2,6278,6737024940,121008
2015/1/8 13:29,3576.6,3589.8,3574,3589.8,8951,9621138240,120849
2015/1/8 13:30,3590,3593.8,3587.4,3589.2,10179,10965119520,120071
2015/1/8 13:31,3589,3589.6,3570.8,3575.4,13201,14168444640,119128
2015/1/8 13:32,3575.2,3577.8,3572,3576.8,5113,5484325020,119587
2015/1/8 13:33,3576.6,3588.4,3574.8,3584.4,8810,9469870980,119438
2015/1/8 13:34,3583.4,3590,3580.8,3587.2,7453,8017724340,119839
2015/1/8 13:35,3587.6,3590.6,3582.6,3584.8,4387,4719387720,120071
2015/1/8 13:36,3585,3585.4,3576.8,3578.2,5040,5413440780,120030
2015/1/8 13:37,3578.2,3582.6,3576,3582.2,4126,4431196500,120403
2015/1/8 13:38,3582.6,3589,3581.6,3588.4,5699,6130226940,120077
2015/1/8 13:39,3588,3588.2,3581.6,3586.8,4781,5141297100,119935
2015/1/8 13:40,3587.2,3591.2,3584.4,3591.2,4884,5256344580,120455
2015/1/8 13:41,3590.6,3593,3586.2,3591.6,5950,6406832160,120508
2015/1/8 13:42,3591.8,3598.2,3590.2,3597.4,8949,9652206360,120146
2015/1/8 13:43,3597.6,3598.8,3593.2,3595,6601,7120697520,119633
2015/1/8 13:44,3595.2,3595.4,3586.8,3588.8,6852,7379734560,118254
2015/1/8 13:45,3588.8,3588.8,3581.4,3584.6,7246,7792690260,118147
2015/1/8 13:46,3584.2,3585.6,3580.2,3583.2,5551,5966195520,118410
2015/1/8 13:47,3582.8,3584.4,3579,3582.6,4811,5169483780,118551
2015/1/8 13:48,3583,3588.6,3581.2,3587.4,5260,5657925660,118735
2015/1/8 13:49,3587,3596.2,3586.6,3595.4,9095,9802190280,117881
2015/1/8 13:50,3595,3596.8,3589.6,3591.4,6468,6971850660,118023
2015/1/8 13:51,3591.2,3595.6,3588.6,3595.4,5320,5732734380,118133
2015/1/8 13:52,3595.4,3598,3592.2,3594.2,5059,5457223980,118101
2015/1/8 13:53,3594.4,3597.6,3585.2,3587.2,7438,8012146800,118111
2015/1/8 13:54,3587.8,3594.8,3583.8,3589.2,7422,7990929780,118274
2015/1/8 13:55,3588.4,3590.2,3584.6,3589.4,4211,4532177460,118319
2015/1/8 13:56,3589.6,3590.8,3584.8,3584.8,3763,4049904420,118531
2015/1/8 13:57,3584.4,3585.6,3576.6,3578,9134,9810490860,118507
2015/1/8 13:58,3578.4,3584.8,3577.8,3580,5826,6259287060,118685
2015/1/8 13:59,3579.8,3583.6,3578.6,3582,3819,4102991160,119011
2015/1/8 14:00,3582.6,3588,3582,3587.2,4793,5156170920,118686
2015/1/8 14:01,3587.8,3596.6,3585,3595,8673,9345051600,118409
2015/1/8 14:02,3594.4,3597,3591.2,3593.2,5351,5768494860,118490
2015/1/8 14:03,3592.8,3604,3592.2,3602.6,10595,11439416520,117874
2015/1/8 14:04,3602.6,3605,3600.8,3605,7856,8492128740,118250
2015/1/8 14:05,3605.2,3606,3602.2,3603.4,6061,6553361160,117810
2015/1/8 14:06,3603.2,3603.4,3596.6,3596.6,5223,5640479460,117396
2015/1/8 14:07,3596,3599.2,3594.8,3596.8,5342,5764638600,117270
2015/1/8 14:08,3596.4,3599.2,3596.4,3597.4,3348,3613685940,117368
2015/1/8 14:09,3598.2,3610,3597.4,3608,10830,11717993940,117413
2015/1/8 14:10,3608,3614.6,3606.8,3611.2,8364,9060111360,117886
2015/1/8 14:11,3611.4,3616,3610.6,3613.8,7993,8665039200,118785
2015/1/8 14:12,3613.8,3614.6,3610.4,3610.4,4716,5111829180,118810
2015/1/8 14:13,3610.8,3612.6,3607.8,3610.6,5618,6084118200,118901
2015/1/8 14:14,3611.2,3615.4,3610,3612.8,4811,5214205140,119479
2015/1/8 14:15,3613.6,3617.6,3612.6,3615.6,5907,6406169580,119818
2015/1/8 14:16,3615.6,3618.6,3610.8,3611.4,7370,7992074460,119748
2015/1/8 14:17,3611.4,3612.2,3608.4,3610.8,4464,4834872000,119896
2015/1/8 14:18,3610.8,3612.6,3606.8,3609,5676,6145908420,119937
2015/1/8 14:19,3608.8,3627,3608.8,3624.6,14412,15650138820,119356
2015/1/8 14:20,3624.4,3627.4,3622,3625.4,8137,8848884000,119039
2015/1/8 14:21,3626,3626.6,3620.8,3621.6,6066,6593508900,119164
2015/1/8 14:22,3621.6,3622,3616.8,3618.8,5944,6453502740,119167
2015/1/8 14:23,3618.4,3618.8,3610.8,3611.4,7029,7622586060,118539
2015/1/8 14:24,3611.8,3614.6,3609.8,3612.4,6501,7044199200,118608
2015/1/8 14:25,3612.8,3614.6,3605.4,3607,7252,7850819160,118293
2015/1/8 14:26,3606.4,3609.2,3602.6,3604.2,5910,6392316780,118664
2015/1/8 14:27,3604.6,3607.8,3602.4,3602.6,4872,5268843180,118864
2015/1/8 14:28,3602.8,3607,3602.6,3605,3792,4101151020,119263
2015/1/8 14:29,3605,3606,3600.6,3603.6,4746,5129940540,119349
2015/1/8 14:30,3603.6,3609,3603,3607.6,4850,5247843900,119480
2015/1/8 14:31,3607.2,3608.6,3600.6,3601.6,4488,4852693020,119556
2015/1/8 14:32,3601.6,3603.6,3599.4,3602,6717,7256513340,119948
2015/1/8 14:33,3602,3603,3599.4,3600,2904,3137260980,120225
2015/1/8 14:34,3599.2,3599.4,3591.4,3595.6,9078,9790820160,119229
2015/1/8 14:35,3595.8,3596.4,3592.2,3592.2,4074,4392772680,119125
2015/1/8 14:36,3592.4,3592.4,3586.2,3587.6,8342,8981637180,118312
2015/1/8 14:37,3587.2,3588.6,3585.2,3588,5057,5441498820,117824
2015/1/8 14:38,3588,3591.8,3587.6,3590.6,4673,5032951620,117556
2015/1/8 14:39,3590.6,3590.6,3581,3582,8266,8887779360,117462
2015/1/8 14:40,3581.2,3587.6,3581.2,3585.8,5527,5944469220,117652
2015/1/8 14:41,3585.2,3587.8,3581.2,3587.8,5069,5450284740,117960
2015/1/8 14:42,3587.8,3591.4,3587.8,3589.2,4508,4854231180,118078
2015/1/8 14:43,3588.8,3592.2,3586.2,3590,4062,4374216120,117965
2015/1/8 14:44,3590,3591.2,3580.2,3582.4,7343,7894611720,118183
2015/1/8 14:45,3581.8,3587.4,3580.2,3580.2,5131,5515634280,118187
2015/1/8 14:46,3580.6,3584.8,3578,3582.4,5315,5710065480,118415
2015/1/8 14:47,3582,3583.8,3580,3583.4,3264,3507386100,118686
2015/1/8 14:48,3583,3585.4,3579,3580.6,4440,4771602060,118716
2015/1/8 14:49,3580.4,3584.8,3575.6,3583,6297,6763102680,118126
2015/1/8 14:50,3583,3584,3575.4,3576.6,5055,5427341280,118404
2015/1/8 14:51,3576.6,3577.6,3570,3570.2,7930,8500970460,118482
2015/1/8 14:52,3570,3573.6,3569,3570,5811,6225886440,118494
2015/1/8 14:53,3570,3570.8,3561.4,3563.2,8705,9308787720,117823
2015/1/8 14:54,3563.6,3567.2,3562.8,3565,6115,6539941500,117486
2015/1/8 14:55,3565,3570.4,3563.2,3569.2,6643,7109380920,117122
2015/1/8 14:56,3569.4,3569.6,3560.2,3561.6,6958,7438629360,116823
2015/1/8 14:57,3561.8,3562.4,3558.4,3560,6310,6740226180,116284
2015/1/8 14:58,3560.2,3565.4,3560,3565,4195,4483502340,115900
2015/1/8 14:59,3564.8,3568.6,3563,3564,4382,4687625160,115443
2015/1/8 15:00,3564.6,3568.4,3563.6,3567,3199,3422517180,115018
2015/1/8 15:01,3566.6,3569.4,3565,3567.6,3976,4255376940,115005
2015/1/8 15:02,3567.8,3568.6,3561.4,3562.8,4073,4355442900,114549
2015/1/8 15:03,3562.4,3563.6,3561,3562.6,2441,2608551300,114523
2015/1/8 15:04,3562.6,3563,3560.2,3561,3008,3213544560,114554
2015/1/8 15:05,3561,3565.2,3559.8,3564.6,4391,4693168260,113861
2015/1/8 15:06,3564.6,3565.6,3562.4,3562.8,1698,1815617460,113637
2015/1/8 15:07,3563.2,3566,3563,3565.2,1927,2060809260,113143
2015/1/8 15:08,3565.2,3565.4,3563,3564.4,1412,1509693660,112838
2015/1/8 15:09,3564,3565.8,3564,3565.4,1877,2007460920,112325
2015/1/8 15:10,3564.8,3566.6,3564,3564.2,3060,3273262980,111491
2015/1/8 15:11,3564.6,3565.4,3563.4,3563.6,1939,2073469740,111189
2015/1/8 15:12,3563.4,3564.4,3560.8,3563,3186,3404853720,110346
2015/1/8 15:13,3563,3563.6,3560,3560.6,2984,3187785720,109441
2015/1/8 15:14,3560.6,3562.2,3560.6,3562,3145,3360227220,108011
2015/1/8 15:15,3562,3565.2,3561.4,3562,5851,6254576280,105242
2015/1/9 9:16,3570,3572.6,3566,3566.6,7770,8319001620,105902
2015/1/9 9:17,3566.6,3567.4,3561,3562.6,4661,4983146280,106951
2015/1/9 9:18,3561.8,3563.8,3561,3561.2,2714,2900175120,107204
2015/1/9 9:19,3561,3561,3552.2,3556.4,7677,8190320160,107608
2015/1/9 9:20,3556.4,3558.8,3553.8,3555.8,3404,3631248300,107967
2015/1/9 9:21,3555.8,3560.4,3555.8,3556.8,2706,2888389320,108159
2015/1/9 9:22,3557,3557,3550,3553.2,4381,4669978080,108552
2015/1/9 9:23,3552.4,3561.8,3552.4,3558.6,3470,3703614000,108517
2015/1/9 9:24,3559,3559.4,3556.2,3557.2,2011,2146318860,108780
2015/1/9 9:25,3557.2,3560.8,3556.2,3559,2030,2167261440,108697
2015/1/9 9:26,3559.2,3559.6,3555,3555.2,1962,2093556000,108959
2015/1/9 9:27,3555,3558.8,3553,3558.6,3197,3410675640,109156
2015/1/9 9:28,3558.4,3565,3557.8,3563.2,4666,4986525840,109137
2015/1/9 9:29,3563.4,3563.6,3560,3560.8,2231,2383915080,109156
2015/1/9 9:30,3560.6,3564.8,3560.6,3564.4,1987,2124199560,109276
2015/1/9 9:31,3565,3565.6,3561.2,3565.2,3684,3938720100,109568
2015/1/9 9:32,3565,3566.2,3561.4,3565.2,3416,3652356300,109886
2015/1/9 9:33,3565.8,3567.2,3562,3563,3108,3323662800,109928
2015/1/9 9:34,3563.4,3563.6,3557.4,3563,4676,4994206860,109733
2015/1/9 9:35,3563.4,3567,3559.2,3559.6,5394,5766007140,109860
2015/1/9 9:36,3559.4,3560.2,3555.4,3556.6,4638,4949955120,109962
2015/1/9 9:37,3556.4,3556.4,3550.4,3551.6,6423,6845856540,110761
2015/1/9 9:38,3552,3572.2,3552,3572.2,9309,9947066100,110306
2015/1/9 9:39,3572,3576.4,3563.2,3568,10524,11270239800,109891
2015/1/9 9:40,3567.6,3568.2,3563.4,3567.2,3489,3732390480,110529
2015/1/9 9:41,3567.2,3569.2,3565,3566.8,3288,3519011640,110898
2015/1/9 9:42,3566.8,3572.2,3563.8,3569.6,4268,4568084760,111119
2015/1/9 9:43,3569.8,3570.8,3566.2,3568.6,2517,2694535500,111210
2015/1/9 9:44,3569,3569,3558.8,3561.8,5632,6019683180,111095
2015/1/9 9:45,3561.2,3565,3557,3563.8,6058,6471511260,111076
2015/1/9 9:46,3564.6,3570.6,3564.2,3566.2,5997,6417179640,110947
2015/1/9 9:47,3565.8,3570.8,3565,3569.8,4080,4367188560,110950
2015/1/9 9:48,3569.8,3573.8,3568,3572.8,4915,5265499140,111341
2015/1/9 9:49,3573.8,3576.2,3572.8,3575.6,5474,5870513400,111357
2015/1/9 9:50,3575,3578.4,3573.8,3576.4,5087,5458840260,111175
2015/1/9 9:51,3577.2,3578,3573.6,3575.6,4224,4531643220,111336
2015/1/9 9:52,3576.2,3579,3574.6,3578.4,3639,3905706780,111209
2015/1/9 9:53,3578.6,3579,3576.4,3578.4,2982,3200989080,111611
2015/1/9 9:54,3578.4,3578.4,3574.4,3575.6,3802,4078324680,111593
2015/1/9 9:55,3575.2,3578.6,3574.6,3576.4,2832,3038862420,111663
2015/1/9 9:56,3576.2,3579.2,3574.6,3579,4605,4942763580,112675
2015/1/9 9:57,3579.2,3580,3578,3579,3986,4279933860,112803
2015/1/9 9:58,3579,3579.4,3572.8,3575.4,5154,5527976820,112726
2015/1/9 9:59,3575.2,3575.8,3571.4,3574,3650,3912771780,112613
2015/1/9 10:00,3574,3580,3573.2,3579.6,5633,6046716120,112601
2015/1/9 10:01,3580.2,3583.4,3580.2,3581.8,5712,6137892120,112541
2015/1/9 10:02,3582,3583,3580.4,3580.6,3032,3257770560,112518
2015/1/9 10:03,3581,3581,3573.2,3575.4,6078,6523051200,112552
2015/1/9 10:04,3575.4,3578.6,3573.2,3577,3862,4142573160,112768
2015/1/9 10:05,3577,3580.8,3575,3579.4,3433,3685082400,112981
2015/1/9 10:06,3580,3580,3573.4,3574.2,3679,3946393800,113042
2015/1/9 10:07,3574.2,3574.4,3571.2,3572.4,4475,4796178240,113463
2015/1/9 10:08,3572.6,3574.6,3571,3573.2,3083,3304363560,113247
2015/1/9 10:09,3573,3579.2,3572.8,3576.4,4761,5108850240,112673
2015/1/9 10:10,3576,3579.2,3576,3578.2,2658,2853034380,113078
2015/1/9 10:11,3578.2,3583.4,3578.2,3582,5113,5493835680,113274
2015/1/9 10:12,3582.2,3582.2,3576.8,3577.8,3984,4278299760,113705
2015/1/9 10:13,3577.4,3580.2,3576.2,3576.4,3058,3282031440,113655
2015/1/9 10:14,3577,3578.2,3573.4,3575,3407,3654359640,113672
2015/1/9 10:15,3575.2,3576.4,3573,3575,2397,2570771700,113661
2015/1/9 10:16,3575.8,3576.4,3573.6,3574.6,2574,2760758580,113559
2015/1/9 10:17,3574.6,3578.4,3568.8,3569.6,6848,7340367180,113384
2015/1/9 10:18,3569,3569,3562.8,3564.6,8577,9175754340,112495
2015/1/9 10:19,3564.8,3567.2,3563.2,3563.2,4517,4831760760,112833
2015/1/9 10:20,3562.8,3566,3562.2,3564.6,4692,5016995760,112949
2015/1/9 10:21,3564.2,3568,3562,3565.2,4799,5132717040,113101
2015/1/9 10:22,3565.6,3567.6,3564.2,3564.2,2526,2702358540,113288
2015/1/9 10:23,3564.8,3568.4,3562,3563.8,4038,4318844760,113256
2015/1/9 10:24,3563.4,3565.6,3558.4,3560.2,5454,5827151940,113380
2015/1/9 10:25,3559.6,3562.4,3558.4,3558.6,4401,4700763900,113514
2015/1/9 10:26,3558.6,3564.4,3558.6,3564.4,3191,3409339740,113858
2015/1/9 10:27,3564,3566,3562.4,3563.6,3762,4022923260,113840
2015/1/9 10:28,3563.2,3563.8,3556,3558.4,4913,5246140620,113837
2015/1/9 10:29,3559.2,3567,3559,3565.4,4774,5104259460,113869
2015/1/9 10:30,3565.8,3566.2,3562.2,3564.2,3158,3377071020,113937
2015/1/9 10:31,3563.8,3567.4,3560.4,3565.6,4149,4436490300,113783
2015/1/9 10:32,3565.4,3566.4,3563,3564,2002,2140744980,113747
2015/1/9 10:33,3564.8,3565,3559,3559.6,4645,4962288720,113754
2015/1/9 10:34,3559.4,3564.4,3557.4,3564,4852,5182330020,113743
2015/1/9 10:35,3564,3569,3562.8,3568.4,7116,7612799700,113150
2015/1/9 10:36,3568.8,3575.4,3567.6,3575,9723,10418675280,112223
2015/1/9 10:37,3574.8,3578.6,3574.8,3575.8,6550,7027996860,110992
2015/1/9 10:38,3575.8,3576.2,3572,3574,4030,4321222200,111255
2015/1/9 10:39,3573.8,3575.2,3572.8,3573.6,2456,2633319480,111355
2015/1/9 10:40,3574,3574,3571.6,3572.2,2322,2488716360,111559
2015/1/9 10:41,3571.8,3572.4,3567.8,3567.8,4410,4723384920,111357
2015/1/9 10:42,3568,3568.2,3562.2,3564.4,5617,6006557820,111093
2015/1/9 10:43,3564,3565.2,3561.2,3563,3506,3747553800,111399
2015/1/9 10:44,3562.8,3564.6,3560.8,3562,3129,3344085600,111588
2015/1/9 10:45,3561.8,3562.8,3560.2,3562.4,3306,3532009740,111753
2015/1/9 10:46,3562.6,3564.2,3556.8,3561.2,6803,7266122820,112047
2015/1/9 10:47,3560.6,3565,3559.6,3562.8,4512,4822972320,111725
2015/1/9 10:48,3563,3567,3562.6,3566,3881,4151220300,111832
2015/1/9 10:49,3566,3566.2,3562.6,3564.2,2116,2262459360,111959
2015/1/9 10:50,3564.2,3565.6,3559.2,3564.8,3886,4153355520,111847
2015/1/9 10:51,3564.2,3571.6,3563.8,3569.4,7636,8176334100,111063
2015/1/9 10:52,3569.4,3571,3566.6,3568.4,3054,3269453400,111541
2015/1/9 10:53,3568.2,3574.8,3568.2,3574,5461,5851618920,111254
2015/1/9 10:54,3574.6,3574.6,3568.8,3569.4,3445,3690617520,111241
2015/1/9 10:55,3569.4,3572.6,3568.4,3571.8,3135,3358472820,111644
2015/1/9 10:56,3572.4,3578.6,3572.4,3577.8,7120,7638950520,111596
2015/1/9 10:57,3578.4,3578.4,3572.6,3574.8,4948,5306613780,111451
2015/1/9 10:58,3574.8,3576.8,3571.8,3573,3250,3484319100,111609
2015/1/9 10:59,3573,3574.6,3570.2,3571.8,2701,2894312400,111576
2015/1/9 11:00,3571.6,3573.4,3569.2,3570.4,3280,3514093740,111702
2015/1/9 11:01,3571,3575.6,3568.2,3573,5031,5391359340,111597
2015/1/9 11:02,3573.4,3575.8,3571.4,3573.2,4425,4744704720,111371
2015/1/9 11:03,3573.2,3577,3571.8,3574.4,3843,4121326140,111170
2015/1/9 11:04,3573.8,3574.8,3557.8,3560.2,10782,11527880460,110142
2015/1/9 11:05,3560.8,3563.6,3559.8,3562.8,6231,6658081500,110355
2015/1/9 11:06,3562,3565.8,3561,3563,4022,4299313500,110298
2015/1/9 11:07,3562.4,3565.2,3561.6,3564.6,3265,3490205940,110517
2015/1/9 11:08,3564.6,3566.8,3560.8,3562.4,3708,3963281280,110513
2015/1/9 11:09,3562.2,3563.6,3560.6,3560.8,2603,2781372180,110620
2015/1/9 11:10,3560.6,3563.2,3560.2,3562.4,2955,3157506960,110628
2015/1/9 11:11,3562.4,3564.8,3560.8,3563,2882,3080576580,110661
2015/1/9 11:12,3562.6,3562.6,3556.6,3557.4,6174,6591312660,110839
2015/1/9 11:13,3557,3558.4,3554,3554.4,6426,6854872680,110975
2015/1/9 11:14,3554.2,3562.4,3554.2,3559,5529,5903430840,110548
2015/1/9 11:15,3559,3562,3558.2,3561.6,3522,3762206040,110434
2015/1/9 11:16,3561,3564.8,3561,3563.6,4254,4547408520,110472
2015/1/9 11:17,3563.6,3572.6,3561.8,3570.8,7192,7699098180,110118
2015/1/9 11:18,3571,3574.6,3570.4,3573.2,6151,6593299140,110371
2015/1/9 11:19,3573.2,3573.4,3571.2,3571.8,4139,4435907400,110512
2015/1/9 11:20,3572,3576.2,3571,3576,5536,5935689240,110847
2015/1/9 11:21,3576.2,3576.2,3572,3575.4,4313,4624819380,111180
2015/1/9 11:22,3575.4,3585,3574,3583,12196,13099060980,112043
2015/1/9 11:23,3582.8,3586,3581.8,3585.8,7090,7623189420,112527
2015/1/9 11:24,3585.6,3588.4,3584.6,3587.4,6111,6576400740,112889
2015/1/9 11:25,3588.2,3593.2,3587,3589.4,7741,8336922480,113201
2015/1/9 11:26,3589,3595.4,3587.6,3594.2,7229,7788697380,114109
2015/1/9 11:27,3594.2,3594.6,3590.8,3593.2,5708,6151880160,114432
2015/1/9 11:28,3593.4,3595,3589,3591.2,5271,5679280380,115073
2015/1/9 11:29,3591.6,3597,3591,3593.6,5156,5559695760,115405
2015/1/9 11:30,3593.4,3599,3592.2,3598.8,5171,5579020320,114896
2015/1/9 13:01,3599,3604,3599,3602.4,8514,9200734920,115340
2015/1/9 13:02,3602.4,3603.6,3601.2,3602,3027,3271421580,115454
2015/1/9 13:03,3602.2,3605,3602,3602.4,4272,4618162800,116088
2015/1/9 13:04,3602.2,3602.4,3599.8,3601,4228,4567559280,116370
2015/1/9 13:05,3601,3603.2,3600.6,3601,2732,2952154920,117055
2015/1/9 13:06,3601.6,3602.8,3599,3600.2,4338,4685821020,117182
2015/1/9 13:07,3599.8,3600.4,3595.6,3597.6,5736,6191387220,117180
2015/1/9 13:08,3597.8,3600.8,3597.4,3599,2891,3121508580,117678
2015/1/9 13:09,3599.4,3599.6,3596.2,3596.2,2989,3226320720,118081
2015/1/9 13:10,3596.6,3598,3594.2,3596.6,4736,5109031020,118065
2015/1/9 13:11,3596.6,3599,3596,3597.2,3103,3349123680,118157
2015/1/9 13:12,3597.4,3606,3597.4,3606,7129,7704072060,118066
2015/1/9 13:13,3606,3606.8,3602.6,3603.2,5355,5790860220,118050
2015/1/9 13:14,3603.6,3607.4,3603.6,3607,3927,4247935440,118205
2015/1/9 13:15,3606.4,3608.8,3606.4,3608.4,4801,5196716580,118375
2015/1/9 13:16,3608.2,3609.4,3602.8,3602.8,6443,6969495900,118246
2015/1/9 13:17,3602.2,3604.6,3601,3602.8,4262,4606475940,117788
2015/1/9 13:18,3602.8,3605,3601.4,3603.6,2700,2918736240,117941
2015/1/9 13:19,3603.6,3604.6,3602,3604,2349,2539213320,117860
2015/1/9 13:20,3603.4,3606.6,3601,3603.4,4219,4561314780,117779
2015/1/9 13:21,3603.6,3603.6,3598,3601.2,6344,6851855640,117757
2015/1/9 13:22,3601.2,3606.4,3600.4,3606.2,4811,5201649180,117598
2015/1/9 13:23,3606,3606.2,3599,3600.4,5073,5482794180,117677
2015/1/9 13:24,3600.2,3601.4,3598.2,3598.2,3354,3622110480,117770
2015/1/9 13:25,3598.6,3602,3596,3599.6,4471,4827215280,117317
2015/1/9 13:26,3599.4,3601.8,3597.2,3601.8,4081,4406579760,117322
2015/1/9 13:27,3602,3613,3602,3611,12365,13387189740,116878
2015/1/9 13:28,3610.8,3613.8,3608.2,3612.4,6630,7183146360,117025
2015/1/9 13:29,3611.8,3614.4,3610,3613.6,4140,4487176260,117059
2015/1/9 13:30,3614,3618.6,3613.6,3618.2,9175,9955356720,117053
2015/1/9 13:31,3617.6,3622.2,3616.8,3616.8,9840,10683845400,117658
2015/1/9 13:32,3617.2,3619,3616.4,3616.8,4957,5379600180,117668
2015/1/9 13:33,3616.6,3624,3614.2,3623.2,7235,7854091320,117535
2015/1/9 13:34,3623.2,3625,3619.4,3621.8,6531,7096494900,117646
2015/1/9 13:35,3622.4,3622.8,3618.4,3619.2,4125,4479785160,117732
2015/1/9 13:36,3618.8,3620,3616,3616.4,4484,4866707100,117377
2015/1/9 13:37,3616.2,3625.2,3616,3623.2,6289,6832080120,117704
2015/1/9 13:38,3624,3634,3624,3632.2,13658,14875658040,118085
2015/1/9 13:39,3632.2,3649.4,3632.2,3649.4,14941,16324832220,118554
2015/1/9 13:40,3648.8,3648.8,3641.4,3646.4,9081,9928898940,118798
2015/1/9 13:41,3646,3652.6,3646,3648,10027,10975892280,118865
2015/1/9 13:42,3648.4,3649.4,3643.8,3645.4,5455,5966787360,118988
2015/1/9 13:43,3645.4,3647.6,3642.2,3643.6,5632,6157375140,119195
2015/1/9 13:44,3643.6,3653,3643.6,3650,9467,10364957040,119597
2015/1/9 13:45,3650.4,3655.6,3645.8,3651.2,9802,10737244560,119352
2015/1/9 13:46,3651.8,3654.4,3647.8,3653.6,7141,7822022880,119619
2015/1/9 13:47,3653.8,3658.8,3652,3658.4,9274,10169994360,119523
2015/1/9 13:48,3659.2,3661.8,3653,3658.4,9319,10225522320,118509
2015/1/9 13:49,3658.8,3674.4,3657.2,3670,15421,16969246200,118118
2015/1/9 13:50,3669.2,3676.6,3668.4,3675,8976,9890855940,118655
2015/1/9 13:51,3675.2,3686.8,3670.6,3685.4,13640,15061640880,117987
2015/1/9 13:52,3686,3704.8,3682.8,3700.2,16975,18811810980,117808
2015/1/9 13:53,3699.6,3701.2,3685.8,3691.2,14357,15906494340,117400
2015/1/9 13:54,3691.4,3692.2,3685.2,3688.4,7796,8627537460,117049
2015/1/9 13:55,3688.2,3688.2,3680.2,3685,10088,11148741000,116739
2015/1/9 13:56,3685,3688.4,3683.6,3684.4,5602,6194566380,117474
2015/1/9 13:57,3684.6,3686.8,3680.6,3686,6620,7314960900,117814
2015/1/9 13:58,3686.4,3690.8,3681,3682.6,8248,9119483100,118564
2015/1/9 13:59,3683,3683.8,3671,3681.2,13922,15356301480,117754
2015/1/9 14:00,3682,3688.8,3680,3684.6,9026,9976199280,118035
2015/1/9 14:01,3686.6,3688,3677.6,3681,7504,8291765040,118784
2015/1/9 14:02,3681.2,3684.2,3677.2,3680.4,5245,5791099380,119339
2015/1/9 14:03,3680.8,3685,3676,3678.6,6587,7272314100,120413
2015/1/9 14:04,3678.4,3687.8,3678,3687.2,7573,8367587340,121259
2015/1/9 14:05,3686.4,3690.4,3683.8,3687.2,7086,7837742340,121379
2015/1/9 14:06,3687.6,3687.6,3681.2,3685.4,5241,5793070920,121077
2015/1/9 14:07,3685.6,3688.6,3681.2,3682.4,5301,5858667780,121052
2015/1/9 14:08,3682.6,3684.6,3679,3683.2,4779,5278415160,120723
2015/1/9 14:09,3683.2,3684.6,3680.4,3683.2,3233,3571500900,121011
2015/1/9 14:10,3683.2,3684.8,3682,3683.2,2608,2882047260,121010
2015/1/9 14:11,3683,3688.2,3682,3688.2,4547,5027784120,120942
2015/1/9 14:12,3688.6,3694.4,3688.6,3694,7972,8829799620,120773
2015/1/9 14:13,3693.8,3694,3684,3691.4,7051,7803626580,120807
2015/1/9 14:14,3691.8,3708,3691.2,3705,14460,16059508680,119885
2015/1/9 14:15,3705,3712.2,3703.6,3710.8,8844,9835504620,119719
2015/1/9 14:16,3711,3718,3711,3716.6,9565,10659510660,119583
2015/1/9 14:17,3716.4,3716.4,3697.6,3700.2,14421,16032006240,118410
2015/1/9 14:18,3700.6,3704.4,3699,3701.8,7781,8641435320,119179
2015/1/9 14:19,3701.8,3703,3697.6,3698.4,5151,5718037740,119381
2015/1/9 14:20,3698.4,3703,3698,3701.8,3220,3575373960,119636
2015/1/9 14:21,3702.6,3703.2,3692,3692.4,6685,7414112820,119282
2015/1/9 14:22,3692.2,3697,3691,3694,5618,6225524820,119286
2015/1/9 14:23,3692.6,3701.4,3687,3701.4,9575,10606704300,119334
2015/1/9 14:24,3702.6,3708.8,3700.6,3703.8,10618,11801118600,119554
2015/1/9 14:25,3703.6,3705.6,3695.8,3701.8,6303,6997581780,120104
2015/1/9 14:26,3702.2,3705.8,3697,3703.6,6453,7167159300,120478
2015/1/9 14:27,3703.2,3705.8,3700,3701.6,3981,4422232080,120688
2015/1/9 14:28,3700.8,3703.6,3698,3702,3711,4120310280,120960
2015/1/9 14:29,3701.2,3701.6,3697,3700,3863,4287038340,121040
2015/1/9 14:30,3699.8,3703.4,3698,3698.8,3693,4100164200,121304
2015/1/9 14:31,3699.4,3701.8,3697,3699,3873,4298462640,121378
2015/1/9 14:32,3699,3699.4,3696,3697.8,3356,3722887980,121434
2015/1/9 14:33,3698,3698,3642.2,3652.6,26909,29609192040,116870
2015/1/9 14:34,3653.4,3657,3624.8,3627.8,21604,23635412100,115059
2015/1/9 14:35,3631.2,3648.6,3631.2,3639.6,15873,17332813020,112327
2015/1/9 14:36,3639.2,3639.2,3619.2,3623,18256,19862246460,111637
2015/1/9 14:37,3623.4,3631.4,3616.2,3629,13546,14729673540,110684
2015/1/9 14:38,3628.6,3632,3613.4,3615.6,12883,13997510100,109732
2015/1/9 14:39,3616.2,3623.8,3592.4,3593.4,18706,20257608720,108270
2015/1/9 14:40,3593,3599.2,3582.6,3586.6,20548,22144372500,106513
2015/1/9 14:41,3585.8,3585.8,3532.6,3559.6,31769,33872337960,101145
2015/1/9 14:42,3559.8,3566.8,3551.2,3555,13274,14169040980,100338
2015/1/9 14:43,3554.8,3578,3554.8,3567.6,15648,16754001600,99197
2015/1/9 14:44,3567.2,3567.4,3527.2,3543.8,20960,22276482660,97871
2015/1/9 14:45,3543.4,3556.4,3543.4,3554.2,10441,11123980740,97832
2015/1/9 14:46,3553.2,3556.2,3527.8,3554.4,16579,17615449200,97099
2015/1/9 14:47,3553.4,3561.8,3543.4,3556.2,13122,13990404660,97591
2015/1/9 14:48,3556.6,3567,3548.2,3563.6,9922,10592120220,97846
2015/1/9 14:49,3564.8,3572.6,3560.6,3570.6,11684,12505554060,97481
2015/1/9 14:50,3570,3573,3553.2,3556.8,11568,12361719480,97387
2015/1/9 14:51,3556.6,3561.6,3551,3551,8074,8615123940,97625
2015/1/9 14:52,3550.2,3557.2,3548,3549.8,9402,10020116640,96712
2015/1/9 14:53,3550.8,3554.8,3541,3543.2,8571,9122461080,96007
2015/1/9 14:54,3544,3546.2,3523.8,3527.4,15850,16798432440,95444
2015/1/9 14:55,3528,3536,3522.2,3527,10828,11461819560,95707
2015/1/9 14:56,3527.4,3527.6,3512,3514.6,12269,12951172560,95411
2015/1/9 14:57,3514.2,3522.4,3514.2,3515.6,9110,9617742180,94994
2015/1/9 14:58,3516.4,3522.8,3511.4,3520,9067,9565041540,94509
2015/1/9 14:59,3520.4,3527,3517.2,3520.8,8265,8733828240,93798
2015/1/9 15:00,3521.4,3531.4,3518,3525.6,6856,7250059800,93374
2015/1/9 15:01,3525.6,3531.8,3522.4,3531,6524,6903982020,93636
2015/1/9 15:02,3531.2,3538,3529.4,3532.4,6840,7252126200,93568
2015/1/9 15:03,3532.8,3533.2,3525,3525.4,4421,4680622860,93337
2015/1/9 15:04,3526.4,3530.4,3525.2,3527.6,2372,2510618940,93381
2015/1/9 15:05,3528,3530.6,3525.6,3527.6,2686,2843024520,93411
2015/1/9 15:06,3527.8,3529,3526.2,3528.4,1646,1741995600,93497
2015/1/9 15:07,3528.4,3528.6,3525.8,3527.6,2092,2213665800,93496
2015/1/9 15:08,3527.8,3528.4,3526.8,3527.2,1365,1444555800,93483
2015/1/9 15:09,3527.8,3532,3526.4,3530,2833,2999299740,92724
2015/1/9 15:10,3530.8,3530.8,3527.6,3529.2,1662,1759685400,92527
2015/1/9 15:11,3529.4,3531,3529.2,3530.8,2042,2162515740,92142
2015/1/9 15:12,3530.8,3544.8,3530.6,3542.8,7090,7523977620,91462
2015/1/9 15:13,3541.4,3544,3528.2,3530.8,6031,6397923180,90754
2015/1/9 15:14,3530.8,3536.6,3529,3536.6,4650,4927927140,90088
2015/1/9 15:15,3536.6,3536.6,3528,3528,5307,5622463320,88364
